-- MySQL dump 10.14  Distrib 5.5.40-MariaDB, for Linux (x86_64)
--
-- Host: localhost    Database: lansif7z_pokermate
-- ------------------------------------------------------
-- Server version	5.5.40-MariaDB-log

/*!40101 SET @OLD_CHARACTER_SET_CLIENT=@@CHARACTER_SET_CLIENT */;
/*!40101 SET @OLD_CHARACTER_SET_RESULTS=@@CHARACTER_SET_RESULTS */;
/*!40101 SET @OLD_COLLATION_CONNECTION=@@COLLATION_CONNECTION */;
/*!40101 SET NAMES utf8mb4 */;
/*!40103 SET @OLD_TIME_ZONE=@@TIME_ZONE */;
/*!40103 SET TIME_ZONE='+00:00' */;
/*!40014 SET @OLD_UNIQUE_CHECKS=@@UNIQUE_CHECKS, UNIQUE_CHECKS=0 */;
/*!40014 SET @OLD_FOREIGN_KEY_CHECKS=@@FOREIGN_KEY_CHECKS, FOREIGN_KEY_CHECKS=0 */;
/*!40101 SET @OLD_SQL_MODE=@@SQL_MODE, SQL_MODE='NO_AUTO_VALUE_ON_ZERO' */;
/*!40111 SET @OLD_SQL_NOTES=@@SQL_NOTES, SQL_NOTES=0 */;

--
-- Current Database: `lansif7z_pokermate`
--

CREATE DATABASE /*!32312 IF NOT EXISTS*/ `lansif7z_pokermate` /*!40100 DEFAULT CHARACTER SET utf8mb4 */;

USE `lansif7z_pokermate`;

--
-- Table structure for table `agent`
--

DROP TABLE IF EXISTS `agent`;
/*!40101 SET @saved_cs_client     = @@character_set_client */;
/*!40101 SET character_set_client = utf8 */;
CREATE TABLE `agent` (
  `id` int(11) NOT NULL AUTO_INCREMENT COMMENT 'ID自增',
  `user_id` int(11) NOT NULL COMMENT '用户ID',
  `agent_name` varchar(50) NOT NULL COMMENT '代理名字',
  `is_delete` tinyint(4) NOT NULL COMMENT '是否删除:1是0否',
  `create_time` int(11) NOT NULL COMMENT '时间',
  PRIMARY KEY (`id`)
) ENGINE=InnoDB AUTO_INCREMENT=3 DEFAULT CHARSET=utf8mb4;
/*!40101 SET character_set_client = @saved_cs_client */;

--
-- Dumping data for table `agent`
--

LOCK TABLES `agent` WRITE;
/*!40000 ALTER TABLE `agent` DISABLE KEYS */;
INSERT INTO `agent` VALUES (1,1,'李白',0,1504790304);
INSERT INTO `agent` VALUES (2,1,'南苏',0,1504791752);
/*!40000 ALTER TABLE `agent` ENABLE KEYS */;
UNLOCK TABLES;

--
-- Table structure for table `club`
--

DROP TABLE IF EXISTS `club`;
/*!40101 SET @saved_cs_client     = @@character_set_client */;
/*!40101 SET character_set_client = utf8 */;
CREATE TABLE `club` (
  `id` int(11) NOT NULL AUTO_INCREMENT COMMENT 'ID自增',
  `user_id` int(11) NOT NULL COMMENT '用户ID',
  `club_name` varchar(50) NOT NULL COMMENT '俱乐部名称',
  `club_id` int(11) NOT NULL COMMENT '俱乐部ID',
  `club_login_name` varchar(50) NOT NULL COMMENT '俱乐部登录账户',
  `club_login_password` varchar(50) NOT NULL COMMENT '俱乐部登录账户密码',
  `last_import_date` varchar(20) NOT NULL COMMENT '上一次成功导入excel日期',
  `is_delete` tinyint(4) NOT NULL COMMENT '是否删除:1是0否',
  `create_time` int(11) NOT NULL COMMENT '时间',
  PRIMARY KEY (`id`)
) ENGINE=InnoDB AUTO_INCREMENT=3 DEFAULT CHARSET=utf8mb4;
/*!40101 SET character_set_client = @saved_cs_client */;

--
-- Dumping data for table `club`
--

LOCK TABLES `club` WRITE;
/*!40000 ALTER TABLE `club` DISABLE KEYS */;
INSERT INTO `club` VALUES (1,1,'888分舵',888520,'jay','123456','',0,1504667409);
INSERT INTO `club` VALUES (2,1,'888国际',2767536,'13612646126','123456789','',0,1504766433);
/*!40000 ALTER TABLE `club` ENABLE KEYS */;
UNLOCK TABLES;

--
-- Table structure for table `excel_file`
--

DROP TABLE IF EXISTS `excel_file`;
/*!40101 SET @saved_cs_client     = @@character_set_client */;
/*!40101 SET character_set_client = utf8 */;
CREATE TABLE `excel_file` (
  `id` int(11) NOT NULL AUTO_INCREMENT COMMENT 'ID自增',
  `club_id` int(11) NOT NULL COMMENT '俱乐部ID',
  `room_id` int(11) NOT NULL COMMENT '房间ID',
  `type` int(11) NOT NULL COMMENT '类型(1:全部2:SNG3:普通4:奥马哈5:6+)',
  `path` varchar(200) NOT NULL COMMENT '文件保存路径',
  `download_time` int(11) NOT NULL COMMENT '下载成功时间',
  `import_time` int(11) NOT NULL COMMENT '导入成功时间',
  PRIMARY KEY (`id`)
) ENGINE=InnoDB AUTO_INCREMENT=729 DEFAULT CHARSET=utf8mb4;
/*!40101 SET character_set_client = @saved_cs_client */;

--
-- Dumping data for table `excel_file`
--

LOCK TABLES `excel_file` WRITE;
/*!40000 ALTER TABLE `excel_file` DISABLE KEYS */;
INSERT INTO `excel_file` VALUES (1,2767536,24313122,1,'data/import/2767536_24313122.xls',1505382390,0);
INSERT INTO `excel_file` VALUES (2,2767536,24311631,1,'data/import/2767536_24311631.xls',1505382390,0);
INSERT INTO `excel_file` VALUES (3,2767536,24311319,1,'data/import/2767536_24311319.xls',1505382390,0);
INSERT INTO `excel_file` VALUES (4,2767536,24311261,1,'data/import/2767536_24311261.xls',1505382390,0);
INSERT INTO `excel_file` VALUES (5,2767536,24311198,1,'data/import/2767536_24311198.xls',1505382390,0);
INSERT INTO `excel_file` VALUES (6,2767536,24312551,1,'data/import/2767536_24312551.xls',1505382390,0);
INSERT INTO `excel_file` VALUES (7,2767536,24310976,1,'data/import/2767536_24310976.xls',1505382390,0);
INSERT INTO `excel_file` VALUES (8,2767536,24308522,1,'data/import/2767536_24308522.xls',1505382390,0);
INSERT INTO `excel_file` VALUES (9,2767536,24310835,1,'data/import/2767536_24310835.xls',1505382390,0);
INSERT INTO `excel_file` VALUES (10,2767536,24314380,1,'data/import/2767536_24314380.xls',1505382390,0);
INSERT INTO `excel_file` VALUES (11,2767536,24309594,1,'data/import/2767536_24309594.xls',1505382390,0);
INSERT INTO `excel_file` VALUES (12,2767536,24312238,1,'data/import/2767536_24312238.xls',1505382390,0);
INSERT INTO `excel_file` VALUES (13,2767536,24310474,1,'data/import/2767536_24310474.xls',1505382390,0);
INSERT INTO `excel_file` VALUES (14,2767536,24309868,1,'data/import/2767536_24309868.xls',1505382390,0);
INSERT INTO `excel_file` VALUES (15,2767536,24309703,1,'data/import/2767536_24309703.xls',1505382390,0);
INSERT INTO `excel_file` VALUES (16,2767536,24313660,1,'data/import/2767536_24313660.xls',1505382390,0);
INSERT INTO `excel_file` VALUES (17,2767536,24313710,1,'data/import/2767536_24313710.xls',1505382390,0);
INSERT INTO `excel_file` VALUES (18,2767536,24313772,1,'data/import/2767536_24313772.xls',1505382390,0);
INSERT INTO `excel_file` VALUES (19,2767536,24310186,1,'data/import/2767536_24310186.xls',1505382390,0);
INSERT INTO `excel_file` VALUES (20,2767536,24311449,1,'data/import/2767536_24311449.xls',1505382390,0);
INSERT INTO `excel_file` VALUES (21,2767536,24309854,1,'data/import/2767536_24309854.xls',1505382390,0);
INSERT INTO `excel_file` VALUES (22,2767536,24313116,1,'data/import/2767536_24313116.xls',1505382390,0);
INSERT INTO `excel_file` VALUES (23,2767536,24310866,1,'data/import/2767536_24310866.xls',1505382390,0);
INSERT INTO `excel_file` VALUES (24,2767536,24309641,1,'data/import/2767536_24309641.xls',1505382390,0);
INSERT INTO `excel_file` VALUES (25,2767536,24309580,1,'data/import/2767536_24309580.xls',1505382390,0);
INSERT INTO `excel_file` VALUES (26,2767536,24308954,1,'data/import/2767536_24308954.xls',1505382390,0);
INSERT INTO `excel_file` VALUES (27,2767536,24308904,1,'data/import/2767536_24308904.xls',1505382390,0);
INSERT INTO `excel_file` VALUES (28,2767536,24306903,1,'data/import/2767536_24306903.xls',1505382390,0);
INSERT INTO `excel_file` VALUES (29,2767536,24309064,1,'data/import/2767536_24309064.xls',1505382390,0);
INSERT INTO `excel_file` VALUES (30,2767536,24312588,1,'data/import/2767536_24312588.xls',1505382390,0);
INSERT INTO `excel_file` VALUES (31,2767536,24310317,1,'data/import/2767536_24310317.xls',1505382390,0);
INSERT INTO `excel_file` VALUES (32,2767536,24306821,1,'data/import/2767536_24306821.xls',1505382390,0);
INSERT INTO `excel_file` VALUES (33,2767536,24308505,1,'data/import/2767536_24308505.xls',1505382390,0);
INSERT INTO `excel_file` VALUES (34,2767536,24311927,1,'data/import/2767536_24311927.xls',1505382390,0);
INSERT INTO `excel_file` VALUES (35,2767536,24308698,1,'data/import/2767536_24308698.xls',1505382390,0);
INSERT INTO `excel_file` VALUES (36,2767536,24309236,1,'data/import/2767536_24309236.xls',1505382390,0);
INSERT INTO `excel_file` VALUES (37,2767536,24308608,1,'data/import/2767536_24308608.xls',1505382390,0);
INSERT INTO `excel_file` VALUES (38,2767536,24308204,1,'data/import/2767536_24308204.xls',1505382390,0);
INSERT INTO `excel_file` VALUES (39,2767536,24308865,1,'data/import/2767536_24308865.xls',1505382390,0);
INSERT INTO `excel_file` VALUES (40,2767536,24305323,1,'data/import/2767536_24305323.xls',1505382390,0);
INSERT INTO `excel_file` VALUES (41,2767536,24305331,1,'data/import/2767536_24305331.xls',1505382390,0);
INSERT INTO `excel_file` VALUES (42,2767536,24305347,1,'data/import/2767536_24305347.xls',1505382390,0);
INSERT INTO `excel_file` VALUES (43,2767536,24308142,1,'data/import/2767536_24308142.xls',1505382390,0);
INSERT INTO `excel_file` VALUES (44,2767536,24308569,1,'data/import/2767536_24308569.xls',1505382390,0);
INSERT INTO `excel_file` VALUES (45,2767536,24309419,1,'data/import/2767536_24309419.xls',1505382390,0);
INSERT INTO `excel_file` VALUES (46,2767536,24307927,1,'data/import/2767536_24307927.xls',1505382390,0);
INSERT INTO `excel_file` VALUES (47,2767536,24307489,1,'data/import/2767536_24307489.xls',1505382390,0);
INSERT INTO `excel_file` VALUES (48,2767536,24306602,1,'data/import/2767536_24306602.xls',1505382390,0);
INSERT INTO `excel_file` VALUES (49,2767536,24308892,1,'data/import/2767536_24308892.xls',1505382390,0);
INSERT INTO `excel_file` VALUES (50,2767536,24307442,1,'data/import/2767536_24307442.xls',1505382390,0);
INSERT INTO `excel_file` VALUES (51,2767536,24308197,1,'data/import/2767536_24308197.xls',1505382390,0);
INSERT INTO `excel_file` VALUES (52,2767536,24306733,1,'data/import/2767536_24306733.xls',1505382390,0);
INSERT INTO `excel_file` VALUES (53,2767536,24306744,1,'data/import/2767536_24306744.xls',1505382390,0);
INSERT INTO `excel_file` VALUES (54,2767536,24306950,1,'data/import/2767536_24306950.xls',1505382390,0);
INSERT INTO `excel_file` VALUES (55,2767536,24306377,1,'data/import/2767536_24306377.xls',1505382390,0);
INSERT INTO `excel_file` VALUES (56,2767536,24307340,1,'data/import/2767536_24307340.xls',1505382390,0);
INSERT INTO `excel_file` VALUES (57,2767536,24305252,1,'data/import/2767536_24305252.xls',1505382390,0);
INSERT INTO `excel_file` VALUES (58,2767536,24305891,1,'data/import/2767536_24305891.xls',1505382390,0);
INSERT INTO `excel_file` VALUES (59,2767536,24305821,1,'data/import/2767536_24305821.xls',1505382390,0);
INSERT INTO `excel_file` VALUES (60,2767536,24305127,1,'data/import/2767536_24305127.xls',1505382390,0);
INSERT INTO `excel_file` VALUES (61,2767536,24305440,1,'data/import/2767536_24305440.xls',1505382390,0);
INSERT INTO `excel_file` VALUES (62,2767536,24307016,1,'data/import/2767536_24307016.xls',1505382390,0);
INSERT INTO `excel_file` VALUES (63,2767536,24304304,1,'data/import/2767536_24304304.xls',1505382390,0);
INSERT INTO `excel_file` VALUES (64,2767536,24306575,1,'data/import/2767536_24306575.xls',1505382390,0);
INSERT INTO `excel_file` VALUES (65,2767536,24303282,1,'data/import/2767536_24303282.xls',1505382390,0);
INSERT INTO `excel_file` VALUES (66,2767536,24305553,1,'data/import/2767536_24305553.xls',1505382390,0);
INSERT INTO `excel_file` VALUES (67,2767536,24304320,1,'data/import/2767536_24304320.xls',1505382390,0);
INSERT INTO `excel_file` VALUES (68,2767536,24304031,1,'data/import/2767536_24304031.xls',1505382390,0);
INSERT INTO `excel_file` VALUES (69,2767536,24304494,1,'data/import/2767536_24304494.xls',1505382390,0);
INSERT INTO `excel_file` VALUES (70,2767536,24308126,1,'data/import/2767536_24308126.xls',1505382390,0);
INSERT INTO `excel_file` VALUES (71,2767536,24305244,1,'data/import/2767536_24305244.xls',1505382390,0);
INSERT INTO `excel_file` VALUES (72,2767536,24303329,1,'data/import/2767536_24303329.xls',1505382390,0);
INSERT INTO `excel_file` VALUES (73,2767536,24305836,1,'data/import/2767536_24305836.xls',1505382390,0);
INSERT INTO `excel_file` VALUES (74,2767536,24303594,1,'data/import/2767536_24303594.xls',1505382390,0);
INSERT INTO `excel_file` VALUES (75,2767536,24303546,1,'data/import/2767536_24303546.xls',1505382390,0);
INSERT INTO `excel_file` VALUES (76,2767536,24304901,1,'data/import/2767536_24304901.xls',1505382390,0);
INSERT INTO `excel_file` VALUES (77,2767536,24304638,1,'data/import/2767536_24304638.xls',1505382390,0);
INSERT INTO `excel_file` VALUES (78,2767536,24303407,1,'data/import/2767536_24303407.xls',1505382390,0);
INSERT INTO `excel_file` VALUES (79,2767536,24303004,1,'data/import/2767536_24303004.xls',1505382390,0);
INSERT INTO `excel_file` VALUES (80,2767536,24302890,1,'data/import/2767536_24302890.xls',1505382390,0);
INSERT INTO `excel_file` VALUES (81,2767536,24304355,1,'data/import/2767536_24304355.xls',1505382390,0);
INSERT INTO `excel_file` VALUES (82,2767536,24303232,1,'data/import/2767536_24303232.xls',1505382390,0);
INSERT INTO `excel_file` VALUES (83,2767536,24306363,1,'data/import/2767536_24306363.xls',1505382390,0);
INSERT INTO `excel_file` VALUES (84,2767536,24301072,1,'data/import/2767536_24301072.xls',1505382390,0);
INSERT INTO `excel_file` VALUES (85,2767536,24303013,1,'data/import/2767536_24303013.xls',1505382390,0);
INSERT INTO `excel_file` VALUES (86,2767536,24302404,1,'data/import/2767536_24302404.xls',1505382390,0);
INSERT INTO `excel_file` VALUES (87,2767536,24301065,1,'data/import/2767536_24301065.xls',1505382390,0);
INSERT INTO `excel_file` VALUES (88,2767536,24301077,1,'data/import/2767536_24301077.xls',1505382390,0);
INSERT INTO `excel_file` VALUES (89,2767536,24302810,1,'data/import/2767536_24302810.xls',1505382390,0);
INSERT INTO `excel_file` VALUES (90,2767536,24301493,1,'data/import/2767536_24301493.xls',1505382390,0);
INSERT INTO `excel_file` VALUES (91,2767536,24302439,1,'data/import/2767536_24302439.xls',1505382390,0);
INSERT INTO `excel_file` VALUES (92,2767536,24302243,1,'data/import/2767536_24302243.xls',1505382390,0);
INSERT INTO `excel_file` VALUES (93,2767536,24301530,1,'data/import/2767536_24301530.xls',1505382390,0);
INSERT INTO `excel_file` VALUES (94,2767536,24302781,1,'data/import/2767536_24302781.xls',1505382390,0);
INSERT INTO `excel_file` VALUES (95,2767536,24301261,1,'data/import/2767536_24301261.xls',1505382390,0);
INSERT INTO `excel_file` VALUES (96,2767536,24304071,1,'data/import/2767536_24304071.xls',1505382390,0);
INSERT INTO `excel_file` VALUES (97,2767536,24300647,1,'data/import/2767536_24300647.xls',1505382390,0);
INSERT INTO `excel_file` VALUES (98,2767536,24302266,1,'data/import/2767536_24302266.xls',1505382390,0);
INSERT INTO `excel_file` VALUES (99,2767536,24299859,1,'data/import/2767536_24299859.xls',1505382390,0);
INSERT INTO `excel_file` VALUES (100,2767536,24300880,1,'data/import/2767536_24300880.xls',1505382390,0);
INSERT INTO `excel_file` VALUES (101,2767536,24300729,1,'data/import/2767536_24300729.xls',1505382390,0);
INSERT INTO `excel_file` VALUES (102,2767536,24303228,1,'data/import/2767536_24303228.xls',1505382390,0);
INSERT INTO `excel_file` VALUES (103,2767536,24300725,1,'data/import/2767536_24300725.xls',1505382390,0);
INSERT INTO `excel_file` VALUES (104,2767536,24300527,1,'data/import/2767536_24300527.xls',1505382390,0);
INSERT INTO `excel_file` VALUES (105,2767536,24301271,1,'data/import/2767536_24301271.xls',1505382390,0);
INSERT INTO `excel_file` VALUES (106,2767536,24301253,1,'data/import/2767536_24301253.xls',1505382390,0);
INSERT INTO `excel_file` VALUES (107,2767536,24299903,1,'data/import/2767536_24299903.xls',1505382390,0);
INSERT INTO `excel_file` VALUES (108,2767536,24302427,1,'data/import/2767536_24302427.xls',1505382390,0);
INSERT INTO `excel_file` VALUES (109,2767536,24300935,1,'data/import/2767536_24300935.xls',1505382390,0);
INSERT INTO `excel_file` VALUES (110,2767536,24299140,1,'data/import/2767536_24299140.xls',1505382390,0);
INSERT INTO `excel_file` VALUES (111,2767536,24298998,1,'data/import/2767536_24298998.xls',1505382390,0);
INSERT INTO `excel_file` VALUES (112,2767536,24299005,1,'data/import/2767536_24299005.xls',1505382390,0);
INSERT INTO `excel_file` VALUES (113,2767536,24299877,1,'data/import/2767536_24299877.xls',1505382390,0);
INSERT INTO `excel_file` VALUES (114,2767536,24299462,1,'data/import/2767536_24299462.xls',1505382390,0);
INSERT INTO `excel_file` VALUES (115,2767536,24300171,1,'data/import/2767536_24300171.xls',1505382390,0);
INSERT INTO `excel_file` VALUES (116,2767536,24300166,1,'data/import/2767536_24300166.xls',1505382390,0);
INSERT INTO `excel_file` VALUES (117,2767536,24299000,1,'data/import/2767536_24299000.xls',1505382390,0);
INSERT INTO `excel_file` VALUES (118,2767536,24299781,1,'data/import/2767536_24299781.xls',1505382390,0);
INSERT INTO `excel_file` VALUES (119,2767536,24299871,1,'data/import/2767536_24299871.xls',1505382390,0);
INSERT INTO `excel_file` VALUES (120,2767536,24299826,1,'data/import/2767536_24299826.xls',1505382390,0);
INSERT INTO `excel_file` VALUES (121,2767536,24299813,1,'data/import/2767536_24299813.xls',1505382390,0);
INSERT INTO `excel_file` VALUES (122,2767536,24298262,1,'data/import/2767536_24298262.xls',1505382390,0);
INSERT INTO `excel_file` VALUES (123,2767536,24298528,1,'data/import/2767536_24298528.xls',1505382390,0);
INSERT INTO `excel_file` VALUES (124,2767536,24298750,1,'data/import/2767536_24298750.xls',1505382390,0);
INSERT INTO `excel_file` VALUES (125,2767536,24298360,1,'data/import/2767536_24298360.xls',1505382390,0);
INSERT INTO `excel_file` VALUES (126,2767536,24298371,1,'data/import/2767536_24298371.xls',1505382390,0);
INSERT INTO `excel_file` VALUES (127,2767536,24299020,1,'data/import/2767536_24299020.xls',1505382390,0);
INSERT INTO `excel_file` VALUES (128,2767536,24299186,1,'data/import/2767536_24299186.xls',1505382390,0);
INSERT INTO `excel_file` VALUES (129,2767536,24299097,1,'data/import/2767536_24299097.xls',1505382390,0);
INSERT INTO `excel_file` VALUES (130,2767536,24298025,1,'data/import/2767536_24298025.xls',1505382390,0);
INSERT INTO `excel_file` VALUES (131,2767536,24299053,1,'data/import/2767536_24299053.xls',1505382390,0);
INSERT INTO `excel_file` VALUES (132,2767536,24297918,1,'data/import/2767536_24297918.xls',1505382390,0);
INSERT INTO `excel_file` VALUES (133,2767536,24298234,1,'data/import/2767536_24298234.xls',1505382390,0);
INSERT INTO `excel_file` VALUES (134,2767536,24297299,1,'data/import/2767536_24297299.xls',1505382390,0);
INSERT INTO `excel_file` VALUES (135,2767536,24299159,1,'data/import/2767536_24299159.xls',1505382390,0);
INSERT INTO `excel_file` VALUES (136,2767536,24298656,1,'data/import/2767536_24298656.xls',1505382390,0);
INSERT INTO `excel_file` VALUES (137,2767536,24297745,1,'data/import/2767536_24297745.xls',1505382390,0);
INSERT INTO `excel_file` VALUES (138,2767536,24296021,1,'data/import/2767536_24296021.xls',1505382390,0);
INSERT INTO `excel_file` VALUES (139,2767536,24295764,1,'data/import/2767536_24295764.xls',1505382390,0);
INSERT INTO `excel_file` VALUES (140,2767536,24295749,1,'data/import/2767536_24295749.xls',1505382390,0);
INSERT INTO `excel_file` VALUES (141,2767536,24295776,1,'data/import/2767536_24295776.xls',1505382390,0);
INSERT INTO `excel_file` VALUES (142,2767536,24297545,1,'data/import/2767536_24297545.xls',1505382390,0);
INSERT INTO `excel_file` VALUES (143,2767536,24298441,1,'data/import/2767536_24298441.xls',1505382390,0);
INSERT INTO `excel_file` VALUES (144,2767536,24296620,1,'data/import/2767536_24296620.xls',1505382390,0);
INSERT INTO `excel_file` VALUES (145,2767536,24298391,1,'data/import/2767536_24298391.xls',1505382390,0);
INSERT INTO `excel_file` VALUES (146,2767536,24299124,1,'data/import/2767536_24299124.xls',1505382390,0);
INSERT INTO `excel_file` VALUES (147,2767536,24296480,1,'data/import/2767536_24296480.xls',1505382390,0);
INSERT INTO `excel_file` VALUES (148,2767536,24297481,1,'data/import/2767536_24297481.xls',1505382390,0);
INSERT INTO `excel_file` VALUES (149,2767536,24297597,1,'data/import/2767536_24297597.xls',1505382390,0);
INSERT INTO `excel_file` VALUES (150,2767536,24298170,1,'data/import/2767536_24298170.xls',1505382390,0);
INSERT INTO `excel_file` VALUES (151,2767536,24297449,1,'data/import/2767536_24297449.xls',1505382390,0);
INSERT INTO `excel_file` VALUES (152,2767536,24295407,1,'data/import/2767536_24295407.xls',1505382390,0);
INSERT INTO `excel_file` VALUES (153,2767536,24295260,1,'data/import/2767536_24295260.xls',1505382390,0);
INSERT INTO `excel_file` VALUES (154,2767536,24297225,1,'data/import/2767536_24297225.xls',1505382390,0);
INSERT INTO `excel_file` VALUES (155,2767536,24297875,1,'data/import/2767536_24297875.xls',1505382390,0);
INSERT INTO `excel_file` VALUES (156,2767536,24296767,1,'data/import/2767536_24296767.xls',1505382390,0);
INSERT INTO `excel_file` VALUES (157,2767536,24296034,1,'data/import/2767536_24296034.xls',1505382390,0);
INSERT INTO `excel_file` VALUES (158,2767536,24296403,1,'data/import/2767536_24296403.xls',1505382390,0);
INSERT INTO `excel_file` VALUES (159,2767536,24297359,1,'data/import/2767536_24297359.xls',1505382390,0);
INSERT INTO `excel_file` VALUES (160,2767536,24296546,1,'data/import/2767536_24296546.xls',1505382390,0);
INSERT INTO `excel_file` VALUES (161,2767536,24295660,1,'data/import/2767536_24295660.xls',1505382390,0);
INSERT INTO `excel_file` VALUES (162,2767536,24294874,1,'data/import/2767536_24294874.xls',1505382390,0);
INSERT INTO `excel_file` VALUES (163,2767536,24296375,1,'data/import/2767536_24296375.xls',1505382390,0);
INSERT INTO `excel_file` VALUES (164,2767536,24298148,1,'data/import/2767536_24298148.xls',1505382390,0);
INSERT INTO `excel_file` VALUES (165,2767536,24296178,1,'data/import/2767536_24296178.xls',1505382390,0);
INSERT INTO `excel_file` VALUES (166,2767536,24297181,1,'data/import/2767536_24297181.xls',1505382390,0);
INSERT INTO `excel_file` VALUES (167,2767536,24295099,1,'data/import/2767536_24295099.xls',1505382390,0);
INSERT INTO `excel_file` VALUES (168,2767536,24295493,1,'data/import/2767536_24295493.xls',1505382390,0);
INSERT INTO `excel_file` VALUES (169,2767536,24298254,1,'data/import/2767536_24298254.xls',1505382390,0);
INSERT INTO `excel_file` VALUES (170,2767536,24294884,1,'data/import/2767536_24294884.xls',1505382390,0);
INSERT INTO `excel_file` VALUES (171,2767536,24298226,1,'data/import/2767536_24298226.xls',1505382390,0);
INSERT INTO `excel_file` VALUES (172,2767536,24296727,1,'data/import/2767536_24296727.xls',1505382390,0);
INSERT INTO `excel_file` VALUES (173,2767536,24295166,1,'data/import/2767536_24295166.xls',1505382390,0);
INSERT INTO `excel_file` VALUES (174,2767536,24294626,1,'data/import/2767536_24294626.xls',1505382390,0);
INSERT INTO `excel_file` VALUES (175,2767536,24294300,1,'data/import/2767536_24294300.xls',1505382390,0);
INSERT INTO `excel_file` VALUES (176,2767536,24294317,1,'data/import/2767536_24294317.xls',1505382390,0);
INSERT INTO `excel_file` VALUES (177,2767536,24294604,1,'data/import/2767536_24294604.xls',1505382390,0);
INSERT INTO `excel_file` VALUES (178,2767536,24293235,1,'data/import/2767536_24293235.xls',1505382390,0);
INSERT INTO `excel_file` VALUES (179,2767536,24294170,1,'data/import/2767536_24294170.xls',1505382390,0);
INSERT INTO `excel_file` VALUES (180,2767536,24297138,1,'data/import/2767536_24297138.xls',1505382390,0);
INSERT INTO `excel_file` VALUES (181,2767536,24294130,1,'data/import/2767536_24294130.xls',1505382390,0);
INSERT INTO `excel_file` VALUES (182,2767536,24293727,1,'data/import/2767536_24293727.xls',1505382390,0);
INSERT INTO `excel_file` VALUES (183,2767536,24293694,1,'data/import/2767536_24293694.xls',1505382390,0);
INSERT INTO `excel_file` VALUES (184,2767536,24293711,1,'data/import/2767536_24293711.xls',1505382390,0);
INSERT INTO `excel_file` VALUES (185,2767536,24292460,1,'data/import/2767536_24292460.xls',1505382390,0);
INSERT INTO `excel_file` VALUES (186,2767536,24293423,1,'data/import/2767536_24293423.xls',1505382390,0);
INSERT INTO `excel_file` VALUES (187,2767536,24293153,1,'data/import/2767536_24293153.xls',1505382390,0);
INSERT INTO `excel_file` VALUES (188,2767536,24292435,1,'data/import/2767536_24292435.xls',1505382390,0);
INSERT INTO `excel_file` VALUES (189,2767536,24292746,1,'data/import/2767536_24292746.xls',1505382390,0);
INSERT INTO `excel_file` VALUES (190,2767536,24296716,1,'data/import/2767536_24296716.xls',1505382390,0);
INSERT INTO `excel_file` VALUES (191,2767536,24291644,1,'data/import/2767536_24291644.xls',1505382390,0);
INSERT INTO `excel_file` VALUES (192,2767536,24296593,1,'data/import/2767536_24296593.xls',1505382390,0);
INSERT INTO `excel_file` VALUES (193,2767536,24296486,1,'data/import/2767536_24296486.xls',1505382390,0);
INSERT INTO `excel_file` VALUES (194,2767536,24290331,1,'data/import/2767536_24290331.xls',1505382390,0);
INSERT INTO `excel_file` VALUES (195,2767536,24296464,1,'data/import/2767536_24296464.xls',1505382390,0);
INSERT INTO `excel_file` VALUES (196,2767536,24293005,1,'data/import/2767536_24293005.xls',1505382390,0);
INSERT INTO `excel_file` VALUES (197,2767536,24291782,1,'data/import/2767536_24291782.xls',1505382390,0);
INSERT INTO `excel_file` VALUES (198,2767536,24290228,1,'data/import/2767536_24290228.xls',1505382390,0);
INSERT INTO `excel_file` VALUES (199,2767536,24290240,1,'data/import/2767536_24290240.xls',1505382390,0);
INSERT INTO `excel_file` VALUES (200,2767536,24290247,1,'data/import/2767536_24290247.xls',1505382390,0);
INSERT INTO `excel_file` VALUES (201,2767536,24290242,1,'data/import/2767536_24290242.xls',1505382390,0);
INSERT INTO `excel_file` VALUES (202,2767536,24292876,1,'data/import/2767536_24292876.xls',1505382390,0);
INSERT INTO `excel_file` VALUES (203,2767536,24293556,1,'data/import/2767536_24293556.xls',1505382390,0);
INSERT INTO `excel_file` VALUES (204,2767536,24292423,1,'data/import/2767536_24292423.xls',1505382390,0);
INSERT INTO `excel_file` VALUES (205,2767536,24295792,1,'data/import/2767536_24295792.xls',1505382390,0);
INSERT INTO `excel_file` VALUES (206,2767536,24291758,1,'data/import/2767536_24291758.xls',1505382390,0);
INSERT INTO `excel_file` VALUES (207,2767536,24291700,0,'',0,0);
INSERT INTO `excel_file` VALUES (208,2767536,24291385,0,'',0,0);
INSERT INTO `excel_file` VALUES (209,2767536,24290773,0,'',0,0);
INSERT INTO `excel_file` VALUES (210,2767536,24290054,0,'',0,0);
INSERT INTO `excel_file` VALUES (211,2767536,24291433,0,'',0,0);
INSERT INTO `excel_file` VALUES (212,2767536,24291147,0,'',0,0);
INSERT INTO `excel_file` VALUES (213,2767536,24290608,0,'',0,0);
INSERT INTO `excel_file` VALUES (214,2767536,24292205,0,'',0,0);
INSERT INTO `excel_file` VALUES (215,2767536,24291995,0,'',0,0);
INSERT INTO `excel_file` VALUES (216,2767536,24290094,0,'',0,0);
INSERT INTO `excel_file` VALUES (217,2767536,24291981,0,'',0,0);
INSERT INTO `excel_file` VALUES (218,2767536,24290039,0,'',0,0);
INSERT INTO `excel_file` VALUES (219,2767536,24290188,0,'',0,0);
INSERT INTO `excel_file` VALUES (220,2767536,24289431,0,'',0,0);
INSERT INTO `excel_file` VALUES (221,2767536,24289700,0,'',0,0);
INSERT INTO `excel_file` VALUES (222,2767536,24288206,0,'',0,0);
INSERT INTO `excel_file` VALUES (223,2767536,24291959,0,'',0,0);
INSERT INTO `excel_file` VALUES (224,2767536,24288763,0,'',0,0);
INSERT INTO `excel_file` VALUES (225,2767536,24289043,0,'',0,0);
INSERT INTO `excel_file` VALUES (226,2767536,24289067,0,'',0,0);
INSERT INTO `excel_file` VALUES (227,2767536,24289467,0,'',0,0);
INSERT INTO `excel_file` VALUES (228,2767536,24288614,0,'',0,0);
INSERT INTO `excel_file` VALUES (229,2767536,24286163,0,'',0,0);
INSERT INTO `excel_file` VALUES (230,2767536,24290136,0,'',0,0);
INSERT INTO `excel_file` VALUES (231,2767536,24289035,0,'',0,0);
INSERT INTO `excel_file` VALUES (232,2767536,24290129,0,'',0,0);
INSERT INTO `excel_file` VALUES (233,2767536,24289960,0,'',0,0);
INSERT INTO `excel_file` VALUES (234,2767536,24288154,0,'',0,0);
INSERT INTO `excel_file` VALUES (235,2767536,24288146,0,'',0,0);
INSERT INTO `excel_file` VALUES (236,2767536,24289309,0,'',0,0);
INSERT INTO `excel_file` VALUES (237,2767536,24287313,0,'',0,0);
INSERT INTO `excel_file` VALUES (238,2767536,24287822,0,'',0,0);
INSERT INTO `excel_file` VALUES (239,2767536,24287297,0,'',0,0);
INSERT INTO `excel_file` VALUES (240,2767536,24287441,0,'',0,0);
INSERT INTO `excel_file` VALUES (241,2767536,24284968,0,'',0,0);
INSERT INTO `excel_file` VALUES (242,2767536,24284950,0,'',0,0);
INSERT INTO `excel_file` VALUES (243,2767536,24284956,0,'',0,0);
INSERT INTO `excel_file` VALUES (244,2767536,24284944,0,'',0,0);
INSERT INTO `excel_file` VALUES (245,2767536,24287501,0,'',0,0);
INSERT INTO `excel_file` VALUES (246,2767536,24287763,0,'',0,0);
INSERT INTO `excel_file` VALUES (247,2767536,24287135,0,'',0,0);
INSERT INTO `excel_file` VALUES (248,2767536,24287039,0,'',0,0);
INSERT INTO `excel_file` VALUES (249,2767536,24286987,0,'',0,0);
INSERT INTO `excel_file` VALUES (250,2767536,24286153,0,'',0,0);
INSERT INTO `excel_file` VALUES (251,2767536,24286903,0,'',0,0);
INSERT INTO `excel_file` VALUES (252,2767536,24286217,0,'',0,0);
INSERT INTO `excel_file` VALUES (253,2767536,24288005,0,'',0,0);
INSERT INTO `excel_file` VALUES (254,2767536,24285134,0,'',0,0);
INSERT INTO `excel_file` VALUES (255,2767536,24286082,0,'',0,0);
INSERT INTO `excel_file` VALUES (256,2767536,24286385,0,'',0,0);
INSERT INTO `excel_file` VALUES (257,2767536,24285191,0,'',0,0);
INSERT INTO `excel_file` VALUES (258,2767536,24285562,0,'',0,0);
INSERT INTO `excel_file` VALUES (259,2767536,24285739,0,'',0,0);
INSERT INTO `excel_file` VALUES (260,2767536,24289031,0,'',0,0);
INSERT INTO `excel_file` VALUES (261,2767536,24286726,0,'',0,0);
INSERT INTO `excel_file` VALUES (262,2767536,24285178,0,'',0,0);
INSERT INTO `excel_file` VALUES (263,2767536,24284640,0,'',0,0);
INSERT INTO `excel_file` VALUES (264,2767536,24284879,0,'',0,0);
INSERT INTO `excel_file` VALUES (265,2767536,24284319,0,'',0,0);
INSERT INTO `excel_file` VALUES (266,2767536,24285953,0,'',0,0);
INSERT INTO `excel_file` VALUES (267,2767536,24284606,0,'',0,0);
INSERT INTO `excel_file` VALUES (268,2767536,24284016,0,'',0,0);
INSERT INTO `excel_file` VALUES (269,2767536,24284901,0,'',0,0);
INSERT INTO `excel_file` VALUES (270,2767536,24283843,0,'',0,0);
INSERT INTO `excel_file` VALUES (271,2767536,24286508,0,'',0,0);
INSERT INTO `excel_file` VALUES (272,2767536,24283197,0,'',0,0);
INSERT INTO `excel_file` VALUES (273,2767536,24283782,0,'',0,0);
INSERT INTO `excel_file` VALUES (274,2767536,24284538,0,'',0,0);
INSERT INTO `excel_file` VALUES (275,2767536,24283416,0,'',0,0);
INSERT INTO `excel_file` VALUES (276,2767536,24283173,0,'',0,0);
INSERT INTO `excel_file` VALUES (277,2767536,24284175,0,'',0,0);
INSERT INTO `excel_file` VALUES (278,2767536,24281717,0,'',0,0);
INSERT INTO `excel_file` VALUES (279,2767536,24281709,0,'',0,0);
INSERT INTO `excel_file` VALUES (280,2767536,24281705,0,'',0,0);
INSERT INTO `excel_file` VALUES (281,2767536,24281697,0,'',0,0);
INSERT INTO `excel_file` VALUES (282,2767536,24282637,0,'',0,0);
INSERT INTO `excel_file` VALUES (283,2767536,24283074,0,'',0,0);
INSERT INTO `excel_file` VALUES (284,2767536,24284151,0,'',0,0);
INSERT INTO `excel_file` VALUES (285,2767536,24282487,0,'',0,0);
INSERT INTO `excel_file` VALUES (286,2767536,24285160,0,'',0,0);
INSERT INTO `excel_file` VALUES (287,2767536,24282410,0,'',0,0);
INSERT INTO `excel_file` VALUES (288,2767536,24282984,0,'',0,0);
INSERT INTO `excel_file` VALUES (289,2767536,24283393,0,'',0,0);
INSERT INTO `excel_file` VALUES (290,2767536,24282744,0,'',0,0);
INSERT INTO `excel_file` VALUES (291,2767536,24282104,0,'',0,0);
INSERT INTO `excel_file` VALUES (292,2767536,24283096,0,'',0,0);
INSERT INTO `excel_file` VALUES (293,2767536,24282180,0,'',0,0);
INSERT INTO `excel_file` VALUES (294,2767536,24282034,0,'',0,0);
INSERT INTO `excel_file` VALUES (295,2767536,24282730,0,'',0,0);
INSERT INTO `excel_file` VALUES (296,2767536,24281978,0,'',0,0);
INSERT INTO `excel_file` VALUES (297,2767536,24282113,0,'',0,0);
INSERT INTO `excel_file` VALUES (298,2767536,24281040,0,'',0,0);
INSERT INTO `excel_file` VALUES (299,2767536,24283086,0,'',0,0);
INSERT INTO `excel_file` VALUES (300,2767536,24282713,0,'',0,0);
INSERT INTO `excel_file` VALUES (301,2767536,24281684,0,'',0,0);
INSERT INTO `excel_file` VALUES (302,2767536,24281678,0,'',0,0);
INSERT INTO `excel_file` VALUES (303,2767536,24281655,0,'',0,0);
INSERT INTO `excel_file` VALUES (304,2767536,24280277,0,'',0,0);
INSERT INTO `excel_file` VALUES (305,2767536,24280737,0,'',0,0);
INSERT INTO `excel_file` VALUES (306,2767536,24282101,0,'',0,0);
INSERT INTO `excel_file` VALUES (307,2767536,24281665,0,'',0,0);
INSERT INTO `excel_file` VALUES (308,2767536,24281317,0,'',0,0);
INSERT INTO `excel_file` VALUES (309,2767536,24281214,0,'',0,0);
INSERT INTO `excel_file` VALUES (310,2767536,24281201,0,'',0,0);
INSERT INTO `excel_file` VALUES (311,2767536,24279386,0,'',0,0);
INSERT INTO `excel_file` VALUES (312,2767536,24279372,0,'',0,0);
INSERT INTO `excel_file` VALUES (313,2767536,24279376,0,'',0,0);
INSERT INTO `excel_file` VALUES (314,2767536,24279381,0,'',0,0);
INSERT INTO `excel_file` VALUES (315,2767536,24280485,0,'',0,0);
INSERT INTO `excel_file` VALUES (316,2767536,24280827,0,'',0,0);
INSERT INTO `excel_file` VALUES (317,2767536,24279805,0,'',0,0);
INSERT INTO `excel_file` VALUES (318,2767536,24279538,0,'',0,0);
INSERT INTO `excel_file` VALUES (319,2767536,24280620,0,'',0,0);
INSERT INTO `excel_file` VALUES (320,2767536,24279109,0,'',0,0);
INSERT INTO `excel_file` VALUES (321,2767536,24278588,0,'',0,0);
INSERT INTO `excel_file` VALUES (322,2767536,24280442,0,'',0,0);
INSERT INTO `excel_file` VALUES (323,2767536,24280292,0,'',0,0);
INSERT INTO `excel_file` VALUES (324,2767536,24278088,0,'',0,0);
INSERT INTO `excel_file` VALUES (325,2767536,24278945,0,'',0,0);
INSERT INTO `excel_file` VALUES (326,2767536,24280018,0,'',0,0);
INSERT INTO `excel_file` VALUES (327,2767536,24279124,0,'',0,0);
INSERT INTO `excel_file` VALUES (328,2767536,24277441,0,'',0,0);
INSERT INTO `excel_file` VALUES (329,2767536,24278736,0,'',0,0);
INSERT INTO `excel_file` VALUES (330,2767536,24278863,0,'',0,0);
INSERT INTO `excel_file` VALUES (331,2767536,24277016,0,'',0,0);
INSERT INTO `excel_file` VALUES (332,2767536,24280050,0,'',0,0);
INSERT INTO `excel_file` VALUES (333,2767536,24278287,0,'',0,0);
INSERT INTO `excel_file` VALUES (334,2767536,24279473,0,'',0,0);
INSERT INTO `excel_file` VALUES (335,2767536,24279408,0,'',0,0);
INSERT INTO `excel_file` VALUES (336,2767536,24279329,0,'',0,0);
INSERT INTO `excel_file` VALUES (337,2767536,24278296,0,'',0,0);
INSERT INTO `excel_file` VALUES (338,2767536,24279203,0,'',0,0);
INSERT INTO `excel_file` VALUES (339,2767536,24278039,0,'',0,0);
INSERT INTO `excel_file` VALUES (340,2767536,24279257,0,'',0,0);
INSERT INTO `excel_file` VALUES (341,2767536,24277842,0,'',0,0);
INSERT INTO `excel_file` VALUES (342,2767536,24278785,0,'',0,0);
INSERT INTO `excel_file` VALUES (343,2767536,24277859,0,'',0,0);
INSERT INTO `excel_file` VALUES (344,2767536,24274525,0,'',0,0);
INSERT INTO `excel_file` VALUES (345,2767536,24274521,0,'',0,0);
INSERT INTO `excel_file` VALUES (346,2767536,24274533,0,'',0,0);
INSERT INTO `excel_file` VALUES (347,2767536,24274188,0,'',0,0);
INSERT INTO `excel_file` VALUES (348,2767536,24275825,0,'',0,0);
INSERT INTO `excel_file` VALUES (349,2767536,24277217,0,'',0,0);
INSERT INTO `excel_file` VALUES (350,2767536,24275683,0,'',0,0);
INSERT INTO `excel_file` VALUES (351,2767536,24276357,0,'',0,0);
INSERT INTO `excel_file` VALUES (352,2767536,24277901,0,'',0,0);
INSERT INTO `excel_file` VALUES (353,2767536,24276751,0,'',0,0);
INSERT INTO `excel_file` VALUES (354,2767536,24277802,0,'',0,0);
INSERT INTO `excel_file` VALUES (355,2767536,24277403,0,'',0,0);
INSERT INTO `excel_file` VALUES (356,2767536,24275734,0,'',0,0);
INSERT INTO `excel_file` VALUES (357,2767536,24275428,0,'',0,0);
INSERT INTO `excel_file` VALUES (358,2767536,24275441,0,'',0,0);
INSERT INTO `excel_file` VALUES (359,2767536,24276852,0,'',0,0);
INSERT INTO `excel_file` VALUES (360,2767536,24275583,0,'',0,0);
INSERT INTO `excel_file` VALUES (361,2767536,24274838,0,'',0,0);
INSERT INTO `excel_file` VALUES (362,2767536,24274964,0,'',0,0);
INSERT INTO `excel_file` VALUES (363,2767536,24277541,0,'',0,0);
INSERT INTO `excel_file` VALUES (364,2767536,24274863,0,'',0,0);
INSERT INTO `excel_file` VALUES (365,2767536,24313122,0,'',0,0);
INSERT INTO `excel_file` VALUES (366,2767536,24311631,0,'',0,0);
INSERT INTO `excel_file` VALUES (367,2767536,24311319,0,'',0,0);
INSERT INTO `excel_file` VALUES (368,2767536,24311261,0,'',0,0);
INSERT INTO `excel_file` VALUES (369,2767536,24311198,0,'',0,0);
INSERT INTO `excel_file` VALUES (370,2767536,24312551,0,'',0,0);
INSERT INTO `excel_file` VALUES (371,2767536,24310976,0,'',0,0);
INSERT INTO `excel_file` VALUES (372,2767536,24308522,0,'',0,0);
INSERT INTO `excel_file` VALUES (373,2767536,24310835,0,'',0,0);
INSERT INTO `excel_file` VALUES (374,2767536,24314380,0,'',0,0);
INSERT INTO `excel_file` VALUES (375,2767536,24309594,0,'',0,0);
INSERT INTO `excel_file` VALUES (376,2767536,24312238,0,'',0,0);
INSERT INTO `excel_file` VALUES (377,2767536,24310474,0,'',0,0);
INSERT INTO `excel_file` VALUES (378,2767536,24309868,0,'',0,0);
INSERT INTO `excel_file` VALUES (379,2767536,24309703,0,'',0,0);
INSERT INTO `excel_file` VALUES (380,2767536,24313660,0,'',0,0);
INSERT INTO `excel_file` VALUES (381,2767536,24313710,0,'',0,0);
INSERT INTO `excel_file` VALUES (382,2767536,24313772,0,'',0,0);
INSERT INTO `excel_file` VALUES (383,2767536,24310186,0,'',0,0);
INSERT INTO `excel_file` VALUES (384,2767536,24311449,0,'',0,0);
INSERT INTO `excel_file` VALUES (385,2767536,24309854,0,'',0,0);
INSERT INTO `excel_file` VALUES (386,2767536,24313116,0,'',0,0);
INSERT INTO `excel_file` VALUES (387,2767536,24310866,0,'',0,0);
INSERT INTO `excel_file` VALUES (388,2767536,24309641,0,'',0,0);
INSERT INTO `excel_file` VALUES (389,2767536,24309580,0,'',0,0);
INSERT INTO `excel_file` VALUES (390,2767536,24308954,0,'',0,0);
INSERT INTO `excel_file` VALUES (391,2767536,24308904,0,'',0,0);
INSERT INTO `excel_file` VALUES (392,2767536,24306903,0,'',0,0);
INSERT INTO `excel_file` VALUES (393,2767536,24309064,0,'',0,0);
INSERT INTO `excel_file` VALUES (394,2767536,24312588,0,'',0,0);
INSERT INTO `excel_file` VALUES (395,2767536,24310317,0,'',0,0);
INSERT INTO `excel_file` VALUES (396,2767536,24306821,0,'',0,0);
INSERT INTO `excel_file` VALUES (397,2767536,24308505,0,'',0,0);
INSERT INTO `excel_file` VALUES (398,2767536,24311927,0,'',0,0);
INSERT INTO `excel_file` VALUES (399,2767536,24308698,0,'',0,0);
INSERT INTO `excel_file` VALUES (400,2767536,24309236,0,'',0,0);
INSERT INTO `excel_file` VALUES (401,2767536,24308608,0,'',0,0);
INSERT INTO `excel_file` VALUES (402,2767536,24308204,0,'',0,0);
INSERT INTO `excel_file` VALUES (403,2767536,24308865,0,'',0,0);
INSERT INTO `excel_file` VALUES (404,2767536,24305323,0,'',0,0);
INSERT INTO `excel_file` VALUES (405,2767536,24305331,0,'',0,0);
INSERT INTO `excel_file` VALUES (406,2767536,24305347,0,'',0,0);
INSERT INTO `excel_file` VALUES (407,2767536,24308142,0,'',0,0);
INSERT INTO `excel_file` VALUES (408,2767536,24308569,0,'',0,0);
INSERT INTO `excel_file` VALUES (409,2767536,24309419,0,'',0,0);
INSERT INTO `excel_file` VALUES (410,2767536,24307927,0,'',0,0);
INSERT INTO `excel_file` VALUES (411,2767536,24307489,0,'',0,0);
INSERT INTO `excel_file` VALUES (412,2767536,24306602,0,'',0,0);
INSERT INTO `excel_file` VALUES (413,2767536,24308892,0,'',0,0);
INSERT INTO `excel_file` VALUES (414,2767536,24307442,0,'',0,0);
INSERT INTO `excel_file` VALUES (415,2767536,24308197,0,'',0,0);
INSERT INTO `excel_file` VALUES (416,2767536,24306733,0,'',0,0);
INSERT INTO `excel_file` VALUES (417,2767536,24306744,0,'',0,0);
INSERT INTO `excel_file` VALUES (418,2767536,24306950,0,'',0,0);
INSERT INTO `excel_file` VALUES (419,2767536,24306377,0,'',0,0);
INSERT INTO `excel_file` VALUES (420,2767536,24307340,0,'',0,0);
INSERT INTO `excel_file` VALUES (421,2767536,24305252,0,'',0,0);
INSERT INTO `excel_file` VALUES (422,2767536,24305891,0,'',0,0);
INSERT INTO `excel_file` VALUES (423,2767536,24305821,0,'',0,0);
INSERT INTO `excel_file` VALUES (424,2767536,24305127,0,'',0,0);
INSERT INTO `excel_file` VALUES (425,2767536,24305440,0,'',0,0);
INSERT INTO `excel_file` VALUES (426,2767536,24307016,0,'',0,0);
INSERT INTO `excel_file` VALUES (427,2767536,24304304,0,'',0,0);
INSERT INTO `excel_file` VALUES (428,2767536,24306575,0,'',0,0);
INSERT INTO `excel_file` VALUES (429,2767536,24303282,0,'',0,0);
INSERT INTO `excel_file` VALUES (430,2767536,24305553,0,'',0,0);
INSERT INTO `excel_file` VALUES (431,2767536,24304320,0,'',0,0);
INSERT INTO `excel_file` VALUES (432,2767536,24304031,0,'',0,0);
INSERT INTO `excel_file` VALUES (433,2767536,24304494,0,'',0,0);
INSERT INTO `excel_file` VALUES (434,2767536,24308126,0,'',0,0);
INSERT INTO `excel_file` VALUES (435,2767536,24305244,0,'',0,0);
INSERT INTO `excel_file` VALUES (436,2767536,24303329,0,'',0,0);
INSERT INTO `excel_file` VALUES (437,2767536,24305836,0,'',0,0);
INSERT INTO `excel_file` VALUES (438,2767536,24303594,0,'',0,0);
INSERT INTO `excel_file` VALUES (439,2767536,24303546,0,'',0,0);
INSERT INTO `excel_file` VALUES (440,2767536,24304901,0,'',0,0);
INSERT INTO `excel_file` VALUES (441,2767536,24304638,0,'',0,0);
INSERT INTO `excel_file` VALUES (442,2767536,24303407,0,'',0,0);
INSERT INTO `excel_file` VALUES (443,2767536,24303004,0,'',0,0);
INSERT INTO `excel_file` VALUES (444,2767536,24302890,0,'',0,0);
INSERT INTO `excel_file` VALUES (445,2767536,24304355,0,'',0,0);
INSERT INTO `excel_file` VALUES (446,2767536,24303232,0,'',0,0);
INSERT INTO `excel_file` VALUES (447,2767536,24306363,0,'',0,0);
INSERT INTO `excel_file` VALUES (448,2767536,24301072,0,'',0,0);
INSERT INTO `excel_file` VALUES (449,2767536,24303013,0,'',0,0);
INSERT INTO `excel_file` VALUES (450,2767536,24302404,0,'',0,0);
INSERT INTO `excel_file` VALUES (451,2767536,24301065,0,'',0,0);
INSERT INTO `excel_file` VALUES (452,2767536,24301077,0,'',0,0);
INSERT INTO `excel_file` VALUES (453,2767536,24302810,0,'',0,0);
INSERT INTO `excel_file` VALUES (454,2767536,24301493,0,'',0,0);
INSERT INTO `excel_file` VALUES (455,2767536,24302439,0,'',0,0);
INSERT INTO `excel_file` VALUES (456,2767536,24302243,0,'',0,0);
INSERT INTO `excel_file` VALUES (457,2767536,24301530,0,'',0,0);
INSERT INTO `excel_file` VALUES (458,2767536,24302781,0,'',0,0);
INSERT INTO `excel_file` VALUES (459,2767536,24301261,0,'',0,0);
INSERT INTO `excel_file` VALUES (460,2767536,24304071,0,'',0,0);
INSERT INTO `excel_file` VALUES (461,2767536,24300647,0,'',0,0);
INSERT INTO `excel_file` VALUES (462,2767536,24302266,0,'',0,0);
INSERT INTO `excel_file` VALUES (463,2767536,24299859,0,'',0,0);
INSERT INTO `excel_file` VALUES (464,2767536,24300880,0,'',0,0);
INSERT INTO `excel_file` VALUES (465,2767536,24300729,0,'',0,0);
INSERT INTO `excel_file` VALUES (466,2767536,24303228,0,'',0,0);
INSERT INTO `excel_file` VALUES (467,2767536,24300725,0,'',0,0);
INSERT INTO `excel_file` VALUES (468,2767536,24300527,0,'',0,0);
INSERT INTO `excel_file` VALUES (469,2767536,24301271,0,'',0,0);
INSERT INTO `excel_file` VALUES (470,2767536,24301253,0,'',0,0);
INSERT INTO `excel_file` VALUES (471,2767536,24299903,0,'',0,0);
INSERT INTO `excel_file` VALUES (472,2767536,24302427,0,'',0,0);
INSERT INTO `excel_file` VALUES (473,2767536,24300935,0,'',0,0);
INSERT INTO `excel_file` VALUES (474,2767536,24299140,0,'',0,0);
INSERT INTO `excel_file` VALUES (475,2767536,24298998,0,'',0,0);
INSERT INTO `excel_file` VALUES (476,2767536,24299005,0,'',0,0);
INSERT INTO `excel_file` VALUES (477,2767536,24299877,0,'',0,0);
INSERT INTO `excel_file` VALUES (478,2767536,24299462,0,'',0,0);
INSERT INTO `excel_file` VALUES (479,2767536,24300171,0,'',0,0);
INSERT INTO `excel_file` VALUES (480,2767536,24300166,0,'',0,0);
INSERT INTO `excel_file` VALUES (481,2767536,24299000,0,'',0,0);
INSERT INTO `excel_file` VALUES (482,2767536,24299781,0,'',0,0);
INSERT INTO `excel_file` VALUES (483,2767536,24299871,0,'',0,0);
INSERT INTO `excel_file` VALUES (484,2767536,24299826,0,'',0,0);
INSERT INTO `excel_file` VALUES (485,2767536,24299813,0,'',0,0);
INSERT INTO `excel_file` VALUES (486,2767536,24298262,0,'',0,0);
INSERT INTO `excel_file` VALUES (487,2767536,24298528,0,'',0,0);
INSERT INTO `excel_file` VALUES (488,2767536,24298750,0,'',0,0);
INSERT INTO `excel_file` VALUES (489,2767536,24298360,0,'',0,0);
INSERT INTO `excel_file` VALUES (490,2767536,24298371,0,'',0,0);
INSERT INTO `excel_file` VALUES (491,2767536,24299020,0,'',0,0);
INSERT INTO `excel_file` VALUES (492,2767536,24299186,0,'',0,0);
INSERT INTO `excel_file` VALUES (493,2767536,24299097,0,'',0,0);
INSERT INTO `excel_file` VALUES (494,2767536,24298025,0,'',0,0);
INSERT INTO `excel_file` VALUES (495,2767536,24299053,0,'',0,0);
INSERT INTO `excel_file` VALUES (496,2767536,24297918,0,'',0,0);
INSERT INTO `excel_file` VALUES (497,2767536,24298234,0,'',0,0);
INSERT INTO `excel_file` VALUES (498,2767536,24297299,0,'',0,0);
INSERT INTO `excel_file` VALUES (499,2767536,24299159,0,'',0,0);
INSERT INTO `excel_file` VALUES (500,2767536,24298656,0,'',0,0);
INSERT INTO `excel_file` VALUES (501,2767536,24297745,0,'',0,0);
INSERT INTO `excel_file` VALUES (502,2767536,24296021,0,'',0,0);
INSERT INTO `excel_file` VALUES (503,2767536,24295764,0,'',0,0);
INSERT INTO `excel_file` VALUES (504,2767536,24295749,0,'',0,0);
INSERT INTO `excel_file` VALUES (505,2767536,24295776,0,'',0,0);
INSERT INTO `excel_file` VALUES (506,2767536,24297545,0,'',0,0);
INSERT INTO `excel_file` VALUES (507,2767536,24298441,0,'',0,0);
INSERT INTO `excel_file` VALUES (508,2767536,24296620,0,'',0,0);
INSERT INTO `excel_file` VALUES (509,2767536,24298391,0,'',0,0);
INSERT INTO `excel_file` VALUES (510,2767536,24299124,0,'',0,0);
INSERT INTO `excel_file` VALUES (511,2767536,24296480,0,'',0,0);
INSERT INTO `excel_file` VALUES (512,2767536,24297481,0,'',0,0);
INSERT INTO `excel_file` VALUES (513,2767536,24297597,0,'',0,0);
INSERT INTO `excel_file` VALUES (514,2767536,24298170,0,'',0,0);
INSERT INTO `excel_file` VALUES (515,2767536,24297449,0,'',0,0);
INSERT INTO `excel_file` VALUES (516,2767536,24295407,0,'',0,0);
INSERT INTO `excel_file` VALUES (517,2767536,24295260,0,'',0,0);
INSERT INTO `excel_file` VALUES (518,2767536,24297225,0,'',0,0);
INSERT INTO `excel_file` VALUES (519,2767536,24297875,0,'',0,0);
INSERT INTO `excel_file` VALUES (520,2767536,24296767,0,'',0,0);
INSERT INTO `excel_file` VALUES (521,2767536,24296034,0,'',0,0);
INSERT INTO `excel_file` VALUES (522,2767536,24296403,0,'',0,0);
INSERT INTO `excel_file` VALUES (523,2767536,24297359,0,'',0,0);
INSERT INTO `excel_file` VALUES (524,2767536,24296546,0,'',0,0);
INSERT INTO `excel_file` VALUES (525,2767536,24295660,0,'',0,0);
INSERT INTO `excel_file` VALUES (526,2767536,24294874,0,'',0,0);
INSERT INTO `excel_file` VALUES (527,2767536,24296375,0,'',0,0);
INSERT INTO `excel_file` VALUES (528,2767536,24298148,0,'',0,0);
INSERT INTO `excel_file` VALUES (529,2767536,24296178,0,'',0,0);
INSERT INTO `excel_file` VALUES (530,2767536,24297181,0,'',0,0);
INSERT INTO `excel_file` VALUES (531,2767536,24295099,0,'',0,0);
INSERT INTO `excel_file` VALUES (532,2767536,24295493,0,'',0,0);
INSERT INTO `excel_file` VALUES (533,2767536,24298254,0,'',0,0);
INSERT INTO `excel_file` VALUES (534,2767536,24294884,0,'',0,0);
INSERT INTO `excel_file` VALUES (535,2767536,24298226,0,'',0,0);
INSERT INTO `excel_file` VALUES (536,2767536,24296727,0,'',0,0);
INSERT INTO `excel_file` VALUES (537,2767536,24295166,0,'',0,0);
INSERT INTO `excel_file` VALUES (538,2767536,24294626,0,'',0,0);
INSERT INTO `excel_file` VALUES (539,2767536,24294300,0,'',0,0);
INSERT INTO `excel_file` VALUES (540,2767536,24294317,0,'',0,0);
INSERT INTO `excel_file` VALUES (541,2767536,24294604,0,'',0,0);
INSERT INTO `excel_file` VALUES (542,2767536,24293235,0,'',0,0);
INSERT INTO `excel_file` VALUES (543,2767536,24294170,0,'',0,0);
INSERT INTO `excel_file` VALUES (544,2767536,24297138,0,'',0,0);
INSERT INTO `excel_file` VALUES (545,2767536,24294130,0,'',0,0);
INSERT INTO `excel_file` VALUES (546,2767536,24293727,0,'',0,0);
INSERT INTO `excel_file` VALUES (547,2767536,24293694,0,'',0,0);
INSERT INTO `excel_file` VALUES (548,2767536,24293711,0,'',0,0);
INSERT INTO `excel_file` VALUES (549,2767536,24292460,0,'',0,0);
INSERT INTO `excel_file` VALUES (550,2767536,24293423,0,'',0,0);
INSERT INTO `excel_file` VALUES (551,2767536,24293153,0,'',0,0);
INSERT INTO `excel_file` VALUES (552,2767536,24292435,0,'',0,0);
INSERT INTO `excel_file` VALUES (553,2767536,24292746,0,'',0,0);
INSERT INTO `excel_file` VALUES (554,2767536,24296716,0,'',0,0);
INSERT INTO `excel_file` VALUES (555,2767536,24291644,0,'',0,0);
INSERT INTO `excel_file` VALUES (556,2767536,24296593,0,'',0,0);
INSERT INTO `excel_file` VALUES (557,2767536,24296486,0,'',0,0);
INSERT INTO `excel_file` VALUES (558,2767536,24290331,0,'',0,0);
INSERT INTO `excel_file` VALUES (559,2767536,24296464,0,'',0,0);
INSERT INTO `excel_file` VALUES (560,2767536,24293005,0,'',0,0);
INSERT INTO `excel_file` VALUES (561,2767536,24291782,0,'',0,0);
INSERT INTO `excel_file` VALUES (562,2767536,24290228,0,'',0,0);
INSERT INTO `excel_file` VALUES (563,2767536,24290240,0,'',0,0);
INSERT INTO `excel_file` VALUES (564,2767536,24290247,0,'',0,0);
INSERT INTO `excel_file` VALUES (565,2767536,24290242,0,'',0,0);
INSERT INTO `excel_file` VALUES (566,2767536,24292876,0,'',0,0);
INSERT INTO `excel_file` VALUES (567,2767536,24293556,0,'',0,0);
INSERT INTO `excel_file` VALUES (568,2767536,24292423,0,'',0,0);
INSERT INTO `excel_file` VALUES (569,2767536,24295792,0,'',0,0);
INSERT INTO `excel_file` VALUES (570,2767536,24291758,0,'',0,0);
INSERT INTO `excel_file` VALUES (571,2767536,24291700,0,'',0,0);
INSERT INTO `excel_file` VALUES (572,2767536,24291385,0,'',0,0);
INSERT INTO `excel_file` VALUES (573,2767536,24290773,0,'',0,0);
INSERT INTO `excel_file` VALUES (574,2767536,24290054,0,'',0,0);
INSERT INTO `excel_file` VALUES (575,2767536,24291433,0,'',0,0);
INSERT INTO `excel_file` VALUES (576,2767536,24291147,0,'',0,0);
INSERT INTO `excel_file` VALUES (577,2767536,24290608,0,'',0,0);
INSERT INTO `excel_file` VALUES (578,2767536,24292205,0,'',0,0);
INSERT INTO `excel_file` VALUES (579,2767536,24291995,0,'',0,0);
INSERT INTO `excel_file` VALUES (580,2767536,24290094,0,'',0,0);
INSERT INTO `excel_file` VALUES (581,2767536,24291981,0,'',0,0);
INSERT INTO `excel_file` VALUES (582,2767536,24290039,0,'',0,0);
INSERT INTO `excel_file` VALUES (583,2767536,24290188,0,'',0,0);
INSERT INTO `excel_file` VALUES (584,2767536,24289431,0,'',0,0);
INSERT INTO `excel_file` VALUES (585,2767536,24289700,0,'',0,0);
INSERT INTO `excel_file` VALUES (586,2767536,24288206,0,'',0,0);
INSERT INTO `excel_file` VALUES (587,2767536,24291959,0,'',0,0);
INSERT INTO `excel_file` VALUES (588,2767536,24288763,0,'',0,0);
INSERT INTO `excel_file` VALUES (589,2767536,24289043,0,'',0,0);
INSERT INTO `excel_file` VALUES (590,2767536,24289067,0,'',0,0);
INSERT INTO `excel_file` VALUES (591,2767536,24289467,0,'',0,0);
INSERT INTO `excel_file` VALUES (592,2767536,24288614,0,'',0,0);
INSERT INTO `excel_file` VALUES (593,2767536,24286163,0,'',0,0);
INSERT INTO `excel_file` VALUES (594,2767536,24290136,0,'',0,0);
INSERT INTO `excel_file` VALUES (595,2767536,24289035,0,'',0,0);
INSERT INTO `excel_file` VALUES (596,2767536,24290129,0,'',0,0);
INSERT INTO `excel_file` VALUES (597,2767536,24289960,0,'',0,0);
INSERT INTO `excel_file` VALUES (598,2767536,24288154,0,'',0,0);
INSERT INTO `excel_file` VALUES (599,2767536,24288146,0,'',0,0);
INSERT INTO `excel_file` VALUES (600,2767536,24289309,0,'',0,0);
INSERT INTO `excel_file` VALUES (601,2767536,24287313,0,'',0,0);
INSERT INTO `excel_file` VALUES (602,2767536,24287822,0,'',0,0);
INSERT INTO `excel_file` VALUES (603,2767536,24287297,0,'',0,0);
INSERT INTO `excel_file` VALUES (604,2767536,24287441,0,'',0,0);
INSERT INTO `excel_file` VALUES (605,2767536,24284968,0,'',0,0);
INSERT INTO `excel_file` VALUES (606,2767536,24284950,0,'',0,0);
INSERT INTO `excel_file` VALUES (607,2767536,24284956,0,'',0,0);
INSERT INTO `excel_file` VALUES (608,2767536,24284944,0,'',0,0);
INSERT INTO `excel_file` VALUES (609,2767536,24287501,0,'',0,0);
INSERT INTO `excel_file` VALUES (610,2767536,24287763,0,'',0,0);
INSERT INTO `excel_file` VALUES (611,2767536,24287135,0,'',0,0);
INSERT INTO `excel_file` VALUES (612,2767536,24287039,0,'',0,0);
INSERT INTO `excel_file` VALUES (613,2767536,24286987,0,'',0,0);
INSERT INTO `excel_file` VALUES (614,2767536,24286153,0,'',0,0);
INSERT INTO `excel_file` VALUES (615,2767536,24286903,0,'',0,0);
INSERT INTO `excel_file` VALUES (616,2767536,24286217,0,'',0,0);
INSERT INTO `excel_file` VALUES (617,2767536,24288005,0,'',0,0);
INSERT INTO `excel_file` VALUES (618,2767536,24285134,0,'',0,0);
INSERT INTO `excel_file` VALUES (619,2767536,24286082,0,'',0,0);
INSERT INTO `excel_file` VALUES (620,2767536,24286385,0,'',0,0);
INSERT INTO `excel_file` VALUES (621,2767536,24285191,0,'',0,0);
INSERT INTO `excel_file` VALUES (622,2767536,24285562,0,'',0,0);
INSERT INTO `excel_file` VALUES (623,2767536,24285739,0,'',0,0);
INSERT INTO `excel_file` VALUES (624,2767536,24289031,0,'',0,0);
INSERT INTO `excel_file` VALUES (625,2767536,24286726,0,'',0,0);
INSERT INTO `excel_file` VALUES (626,2767536,24285178,0,'',0,0);
INSERT INTO `excel_file` VALUES (627,2767536,24284640,0,'',0,0);
INSERT INTO `excel_file` VALUES (628,2767536,24284879,0,'',0,0);
INSERT INTO `excel_file` VALUES (629,2767536,24284319,0,'',0,0);
INSERT INTO `excel_file` VALUES (630,2767536,24285953,0,'',0,0);
INSERT INTO `excel_file` VALUES (631,2767536,24284606,0,'',0,0);
INSERT INTO `excel_file` VALUES (632,2767536,24284016,0,'',0,0);
INSERT INTO `excel_file` VALUES (633,2767536,24284901,0,'',0,0);
INSERT INTO `excel_file` VALUES (634,2767536,24283843,0,'',0,0);
INSERT INTO `excel_file` VALUES (635,2767536,24286508,0,'',0,0);
INSERT INTO `excel_file` VALUES (636,2767536,24283197,0,'',0,0);
INSERT INTO `excel_file` VALUES (637,2767536,24283782,0,'',0,0);
INSERT INTO `excel_file` VALUES (638,2767536,24284538,0,'',0,0);
INSERT INTO `excel_file` VALUES (639,2767536,24283416,0,'',0,0);
INSERT INTO `excel_file` VALUES (640,2767536,24283173,0,'',0,0);
INSERT INTO `excel_file` VALUES (641,2767536,24284175,0,'',0,0);
INSERT INTO `excel_file` VALUES (642,2767536,24281717,0,'',0,0);
INSERT INTO `excel_file` VALUES (643,2767536,24281709,0,'',0,0);
INSERT INTO `excel_file` VALUES (644,2767536,24281705,0,'',0,0);
INSERT INTO `excel_file` VALUES (645,2767536,24281697,0,'',0,0);
INSERT INTO `excel_file` VALUES (646,2767536,24282637,0,'',0,0);
INSERT INTO `excel_file` VALUES (647,2767536,24283074,0,'',0,0);
INSERT INTO `excel_file` VALUES (648,2767536,24284151,0,'',0,0);
INSERT INTO `excel_file` VALUES (649,2767536,24282487,0,'',0,0);
INSERT INTO `excel_file` VALUES (650,2767536,24285160,0,'',0,0);
INSERT INTO `excel_file` VALUES (651,2767536,24282410,0,'',0,0);
INSERT INTO `excel_file` VALUES (652,2767536,24282984,0,'',0,0);
INSERT INTO `excel_file` VALUES (653,2767536,24283393,0,'',0,0);
INSERT INTO `excel_file` VALUES (654,2767536,24282744,0,'',0,0);
INSERT INTO `excel_file` VALUES (655,2767536,24282104,0,'',0,0);
INSERT INTO `excel_file` VALUES (656,2767536,24283096,0,'',0,0);
INSERT INTO `excel_file` VALUES (657,2767536,24282180,0,'',0,0);
INSERT INTO `excel_file` VALUES (658,2767536,24282034,0,'',0,0);
INSERT INTO `excel_file` VALUES (659,2767536,24282730,0,'',0,0);
INSERT INTO `excel_file` VALUES (660,2767536,24281978,0,'',0,0);
INSERT INTO `excel_file` VALUES (661,2767536,24282113,0,'',0,0);
INSERT INTO `excel_file` VALUES (662,2767536,24281040,0,'',0,0);
INSERT INTO `excel_file` VALUES (663,2767536,24283086,0,'',0,0);
INSERT INTO `excel_file` VALUES (664,2767536,24282713,0,'',0,0);
INSERT INTO `excel_file` VALUES (665,2767536,24281684,0,'',0,0);
INSERT INTO `excel_file` VALUES (666,2767536,24281678,0,'',0,0);
INSERT INTO `excel_file` VALUES (667,2767536,24281655,0,'',0,0);
INSERT INTO `excel_file` VALUES (668,2767536,24280277,0,'',0,0);
INSERT INTO `excel_file` VALUES (669,2767536,24280737,0,'',0,0);
INSERT INTO `excel_file` VALUES (670,2767536,24282101,0,'',0,0);
INSERT INTO `excel_file` VALUES (671,2767536,24281665,0,'',0,0);
INSERT INTO `excel_file` VALUES (672,2767536,24281317,0,'',0,0);
INSERT INTO `excel_file` VALUES (673,2767536,24281214,0,'',0,0);
INSERT INTO `excel_file` VALUES (674,2767536,24281201,0,'',0,0);
INSERT INTO `excel_file` VALUES (675,2767536,24279386,0,'',0,0);
INSERT INTO `excel_file` VALUES (676,2767536,24279372,0,'',0,0);
INSERT INTO `excel_file` VALUES (677,2767536,24279376,0,'',0,0);
INSERT INTO `excel_file` VALUES (678,2767536,24279381,0,'',0,0);
INSERT INTO `excel_file` VALUES (679,2767536,24280485,0,'',0,0);
INSERT INTO `excel_file` VALUES (680,2767536,24280827,0,'',0,0);
INSERT INTO `excel_file` VALUES (681,2767536,24279805,0,'',0,0);
INSERT INTO `excel_file` VALUES (682,2767536,24279538,0,'',0,0);
INSERT INTO `excel_file` VALUES (683,2767536,24280620,0,'',0,0);
INSERT INTO `excel_file` VALUES (684,2767536,24279109,0,'',0,0);
INSERT INTO `excel_file` VALUES (685,2767536,24278588,0,'',0,0);
INSERT INTO `excel_file` VALUES (686,2767536,24280442,0,'',0,0);
INSERT INTO `excel_file` VALUES (687,2767536,24280292,0,'',0,0);
INSERT INTO `excel_file` VALUES (688,2767536,24278088,0,'',0,0);
INSERT INTO `excel_file` VALUES (689,2767536,24278945,0,'',0,0);
INSERT INTO `excel_file` VALUES (690,2767536,24280018,0,'',0,0);
INSERT INTO `excel_file` VALUES (691,2767536,24279124,0,'',0,0);
INSERT INTO `excel_file` VALUES (692,2767536,24277441,0,'',0,0);
INSERT INTO `excel_file` VALUES (693,2767536,24278736,0,'',0,0);
INSERT INTO `excel_file` VALUES (694,2767536,24278863,0,'',0,0);
INSERT INTO `excel_file` VALUES (695,2767536,24277016,0,'',0,0);
INSERT INTO `excel_file` VALUES (696,2767536,24280050,0,'',0,0);
INSERT INTO `excel_file` VALUES (697,2767536,24278287,0,'',0,0);
INSERT INTO `excel_file` VALUES (698,2767536,24279473,0,'',0,0);
INSERT INTO `excel_file` VALUES (699,2767536,24279408,0,'',0,0);
INSERT INTO `excel_file` VALUES (700,2767536,24279329,0,'',0,0);
INSERT INTO `excel_file` VALUES (701,2767536,24278296,0,'',0,0);
INSERT INTO `excel_file` VALUES (702,2767536,24279203,0,'',0,0);
INSERT INTO `excel_file` VALUES (703,2767536,24278039,0,'',0,0);
INSERT INTO `excel_file` VALUES (704,2767536,24279257,0,'',0,0);
INSERT INTO `excel_file` VALUES (705,2767536,24277842,0,'',0,0);
INSERT INTO `excel_file` VALUES (706,2767536,24278785,0,'',0,0);
INSERT INTO `excel_file` VALUES (707,2767536,24277859,0,'',0,0);
INSERT INTO `excel_file` VALUES (708,2767536,24274525,0,'',0,0);
INSERT INTO `excel_file` VALUES (709,2767536,24274521,0,'',0,0);
INSERT INTO `excel_file` VALUES (710,2767536,24274533,0,'',0,0);
INSERT INTO `excel_file` VALUES (711,2767536,24274188,0,'',0,0);
INSERT INTO `excel_file` VALUES (712,2767536,24275825,0,'',0,0);
INSERT INTO `excel_file` VALUES (713,2767536,24277217,0,'',0,0);
INSERT INTO `excel_file` VALUES (714,2767536,24275683,0,'',0,0);
INSERT INTO `excel_file` VALUES (715,2767536,24276357,0,'',0,0);
INSERT INTO `excel_file` VALUES (716,2767536,24277901,0,'',0,0);
INSERT INTO `excel_file` VALUES (717,2767536,24276751,0,'',0,0);
INSERT INTO `excel_file` VALUES (718,2767536,24277802,0,'',0,0);
INSERT INTO `excel_file` VALUES (719,2767536,24277403,0,'',0,0);
INSERT INTO `excel_file` VALUES (720,2767536,24275734,0,'',0,0);
INSERT INTO `excel_file` VALUES (721,2767536,24275428,0,'',0,0);
INSERT INTO `excel_file` VALUES (722,2767536,24275441,0,'',0,0);
INSERT INTO `excel_file` VALUES (723,2767536,24276852,0,'',0,0);
INSERT INTO `excel_file` VALUES (724,2767536,24275583,0,'',0,0);
INSERT INTO `excel_file` VALUES (725,2767536,24274838,0,'',0,0);
INSERT INTO `excel_file` VALUES (726,2767536,24274964,0,'',0,0);
INSERT INTO `excel_file` VALUES (727,2767536,24277541,0,'',0,0);
INSERT INTO `excel_file` VALUES (728,2767536,24274863,0,'',0,0);
/*!40000 ALTER TABLE `excel_file` ENABLE KEYS */;
UNLOCK TABLES;

--
-- Table structure for table `fencheng_setting`
--

DROP TABLE IF EXISTS `fencheng_setting`;
/*!40101 SET @saved_cs_client     = @@character_set_client */;
/*!40101 SET character_set_client = utf8 */;
CREATE TABLE `fencheng_setting` (
  `id` int(11) NOT NULL AUTO_INCREMENT COMMENT 'ID自增',
  `user_id` int(11) NOT NULL COMMENT '用户ID',
  `zhuozi_jibie` varchar(50) NOT NULL COMMENT '桌子级别',
  `yingfan` decimal(10,2) NOT NULL COMMENT '赢返',
  `shufan` decimal(10,2) NOT NULL COMMENT '输返',
  PRIMARY KEY (`id`)
) ENGINE=InnoDB AUTO_INCREMENT=12 DEFAULT CHARSET=utf8mb4;
/*!40101 SET character_set_client = @saved_cs_client */;

--
-- Dumping data for table `fencheng_setting`
--

LOCK TABLES `fencheng_setting` WRITE;
/*!40000 ALTER TABLE `fencheng_setting` DISABLE KEYS */;
INSERT INTO `fencheng_setting` VALUES (1,1,'1/2',0.00,0.00);
INSERT INTO `fencheng_setting` VALUES (2,1,'2/4',0.00,0.00);
INSERT INTO `fencheng_setting` VALUES (3,1,'5/10',0.00,0.00);
INSERT INTO `fencheng_setting` VALUES (4,1,'10/20',0.00,0.00);
INSERT INTO `fencheng_setting` VALUES (5,1,'20/40',0.00,0.00);
INSERT INTO `fencheng_setting` VALUES (6,1,'25/50',0.00,0.00);
INSERT INTO `fencheng_setting` VALUES (7,1,'50/100',0.00,0.00);
INSERT INTO `fencheng_setting` VALUES (8,1,'100/200',0.00,0.00);
INSERT INTO `fencheng_setting` VALUES (9,1,'200/400',0.00,0.00);
INSERT INTO `fencheng_setting` VALUES (10,1,'300/600',0.00,0.00);
INSERT INTO `fencheng_setting` VALUES (11,1,'1000/2000',0.00,0.00);
/*!40000 ALTER TABLE `fencheng_setting` ENABLE KEYS */;
UNLOCK TABLES;

--
-- Table structure for table `import_data`
--

DROP TABLE IF EXISTS `import_data`;
/*!40101 SET @saved_cs_client     = @@character_set_client */;
/*!40101 SET character_set_client = utf8 */;
CREATE TABLE `import_data` (
  `id` int(11) NOT NULL AUTO_INCREMENT COMMENT 'ID自增',
  `paiju_type` varchar(50) NOT NULL COMMENT '牌局类型',
  `paiju_name` varchar(50) NOT NULL COMMENT '牌局名',
  `paiju_creater` varchar(50) NOT NULL COMMENT '建局者昵称',
  `mangzhu` varchar(50) NOT NULL COMMENT '盲注',
  `paizuo` varchar(50) NOT NULL COMMENT '牌桌',
  `paiju_duration` varchar(50) NOT NULL COMMENT '牌局时长',
  `zongshoushu` int(11) NOT NULL COMMENT '总手数',
  `player_id` int(11) NOT NULL COMMENT '玩家ID',
  `player_name` varchar(50) NOT NULL COMMENT '玩家昵称',
  `club_id` int(11) NOT NULL COMMENT '俱乐部ID',
  `club_name` varchar(50) NOT NULL COMMENT '俱乐部',
  `mairu` int(11) NOT NULL COMMENT '买入',
  `daicu` int(11) NOT NULL COMMENT '带出',
  `baoxian_mairu` int(11) NOT NULL COMMENT '保险买入',
  `baoxian_shouru` int(11) NOT NULL COMMENT '保险收入',
  `baoxian_heji` int(11) NOT NULL COMMENT '保险合计',
  `club_baoxian` int(11) NOT NULL COMMENT '俱乐部保险',
  `baoxian` int(11) NOT NULL COMMENT '保险',
  `zhanji` int(11) NOT NULL COMMENT '战绩',
  `end_time_format` varchar(50) NOT NULL COMMENT '结束时间',
  `end_time` int(11) NOT NULL COMMENT '结束时间戳',
  `create_time` int(11) NOT NULL COMMENT '时间',
  `original_zhanji` varchar(50) NOT NULL COMMENT '原始战绩',
  `paiju_id` int(11) NOT NULL COMMENT '牌局ID',
  `user_id` int(11) NOT NULL COMMENT '用户ID',
  `status` tinyint(4) NOT NULL COMMENT '状态:0未结算1已结算',
  `jiesuan_value` int(11) NOT NULL COMMENT '结算值',
  `choushui_value` int(11) NOT NULL COMMENT '抽水值：正数为赢抽,负数为输返',
  `agent_is_clean` tinyint(4) NOT NULL COMMENT '代理是否清账：1是0否',
  `club_is_clean` tinyint(4) NOT NULL COMMENT '俱乐部是否清账：1是0否',
  PRIMARY KEY (`id`)
) ENGINE=InnoDB AUTO_INCREMENT=59 DEFAULT CHARSET=utf8mb4;
/*!40101 SET character_set_client = @saved_cs_client */;

--
-- Dumping data for table `import_data`
--

LOCK TABLES `import_data` WRITE;
/*!40000 ALTER TABLE `import_data` DISABLE KEYS */;
INSERT INTO `import_data` VALUES (1,'普通保险局','2/4🍎1181A','海洋馆导游','2/4','8','3.0',242,735304085,'妖股',21955639,'新西兰27poker',800,657,0,0,0,0,295,-143,'2017-08-12 07:30:58',1502494258,1505034049,'-143',1,1,0,0,0,0,1);
INSERT INTO `import_data` VALUES (2,'普通保险局','2/4🍎1181A','海洋馆导游','2/4','8','3.0',242,481124234,'DAB621',21340895,'渔船',400,1337,0,0,0,0,295,937,'2017-08-12 07:30:58',1502494258,1505034049,'937',1,1,0,0,0,0,1);
INSERT INTO `import_data` VALUES (3,'普通保险局','2/4🍎1181A','海洋馆导游','2/4','8','3.0',242,441053099,'PersonZ',21340895,'渔船',400,383,0,0,0,0,295,-17,'2017-08-12 07:30:58',1502494258,1505034049,'-17',1,1,0,0,0,0,1);
INSERT INTO `import_data` VALUES (4,'普通保险局','2/4🍎1181A','海洋馆导游','2/4','8','3.0',242,796020048,'神相李布衣',21065196,'海洋馆',400,400,0,0,0,8,295,0,'2017-08-12 07:30:58',1502494258,1505034049,'0',1,1,0,0,0,0,1);
INSERT INTO `import_data` VALUES (5,'普通保险局','2/4🍎1181A','海洋馆导游','2/4','8','3.0',242,1272637032,'阿玮（TW）',21065196,'海洋馆',400,79,8,0,-8,8,295,-321,'2017-08-12 07:30:58',1502494258,1505034049,'-321',1,1,0,0,0,0,1);
INSERT INTO `import_data` VALUES (6,'普通保险局','2/4🍎1181A','海洋馆导游','2/4','8','3.0',242,1292548547,'厚先生',2767536,'888国际',1000,1447,0,0,0,0,295,447,'2017-08-12 07:30:58',1502494258,1505034049,'447',1,1,1,447,0,0,1);
INSERT INTO `import_data` VALUES (7,'普通保险局','2/4🍎1181A','海洋馆导游','2/4','8','3.0',242,94816688,'冰泉水',2767536,'888国际',400,580,0,0,0,0,295,180,'2017-08-12 07:30:58',1502494258,1505034049,'180',1,1,1,171,9,0,1);
INSERT INTO `import_data` VALUES (8,'普通保险局','2/4🍎1181A','海洋馆导游','2/4','8','3.0',242,1490946566,'买牌买到底',2767536,'888国际',600,507,0,0,0,0,295,-93,'2017-08-12 07:30:58',1502494258,1505034049,'-93',1,1,1,-93,0,0,1);
INSERT INTO `import_data` VALUES (9,'普通保险局','2/4🍎1181A','海洋馆导游','2/4','8','3.0',242,1232996650,'高尔基',1798364,'🌟村长家🌟',400,400,0,0,0,14,295,0,'2017-08-12 07:30:58',1502494258,1505034049,'0',1,1,0,0,0,0,1);
INSERT INTO `import_data` VALUES (10,'普通保险局','2/4🍎1181A','海洋馆导游','2/4','8','3.0',242,1355487424,'哈气',1798364,'🌟村长家🌟',400,0,14,0,-14,14,295,-400,'2017-08-12 07:30:58',1502494258,1505034049,'-400',1,1,0,0,0,0,1);
INSERT INTO `import_data` VALUES (11,'普通保险局','2/4🍎1181A','海洋馆导游','2/4','8','3.0',242,1239328724,'releeyk0',568568,'小肥羊俱乐部',800,1272,273,0,-273,273,295,472,'2017-08-12 07:30:58',1502494258,1505034049,'472',1,1,0,0,0,0,1);
INSERT INTO `import_data` VALUES (12,'普通保险局','2/4🍎1181A','海洋馆导游','2/4','8','3.0',242,1191529058,'價值下注',568568,'小肥羊俱乐部',600,984,0,0,0,273,295,384,'2017-08-12 07:30:58',1502494258,1505034049,'384',1,1,0,0,0,0,1);
INSERT INTO `import_data` VALUES (13,'普通保险局','2/4🍎1181A','海洋馆导游','2/4','8','3.0',242,1130923485,'AAFish',568568,'小肥羊俱乐部',800,991,0,0,0,273,295,191,'2017-08-12 07:30:58',1502494258,1505034049,'191',1,1,0,0,0,0,1);
INSERT INTO `import_data` VALUES (14,'普通保险局','2/4🍎1181A','海洋馆导游','2/4','8','3.0',242,1355192654,'MU Jheng',568568,'小肥羊俱乐部',1200,1270,0,0,0,273,295,70,'2017-08-12 07:30:58',1502494258,1505034049,'70',1,1,0,0,0,0,1);
INSERT INTO `import_data` VALUES (15,'普通保险局','2/4🍎1181A','海洋馆导游','2/4','8','3.0',242,1608005878,'踩过介',568568,'小肥羊俱乐部',600,600,0,0,0,273,295,0,'2017-08-12 07:30:58',1502494258,1505034049,'0',1,1,0,0,0,0,1);
INSERT INTO `import_data` VALUES (16,'普通保险局','2/4🍎1181A','海洋馆导游','2/4','8','3.0',242,1626414532,'人數字',568568,'小肥羊俱乐部',400,0,0,0,0,273,295,-400,'2017-08-12 07:30:58',1502494258,1505034049,'-400',1,1,0,0,0,0,1);
INSERT INTO `import_data` VALUES (17,'普通保险局','2/4🍎1181A','海洋馆导游','2/4','8','3.0',242,1413166582,'稀粥炒饭',555558,'打死为止小班💎',1000,913,0,0,0,0,295,-87,'2017-08-12 07:30:58',1502494258,1505034049,'-87',1,1,0,0,0,0,1);
INSERT INTO `import_data` VALUES (18,'普通保险局','2/4🍎1181A','海洋馆导游','2/4','8','3.0',242,54381787,'深海小醜🐟',555558,'打死为止小班💎',400,0,0,0,0,0,295,-400,'2017-08-12 07:30:58',1502494258,1505034049,'-400',1,1,0,0,0,0,1);
INSERT INTO `import_data` VALUES (19,'普通保险局','2/4🍎1181A','海洋馆导游','2/4','8','3.0',242,1015655431,'美少女月野兔',555558,'打死为止小班💎',800,217,0,0,0,0,295,-583,'2017-08-12 07:30:58',1502494258,1505034049,'-583',1,1,0,0,0,0,1);
INSERT INTO `import_data` VALUES (20,'普通保险局','2/4🍎1181A','海洋馆导游','2/4','8','3.0',242,1032824372,'狼狼的刷',288888,'金字塔俱乐部',800,0,0,0,0,0,295,-800,'2017-08-12 07:30:58',1502494258,1505034049,'-800',1,1,0,0,0,0,1);
INSERT INTO `import_data` VALUES (21,'普通保险局','2/4🍎1181A','海洋馆导游','2/4','8','3.0',242,1157888537,'老虎一号',227733,'水上公园轻级别',400,666,0,0,0,0,295,266,'2017-08-12 07:30:58',1502494258,1505034049,'266',1,1,0,0,0,0,1);
INSERT INTO `import_data` VALUES (22,'普通保险局','2/4🍎1183A','海洋馆导游','2/4','8','3.0',166,1605248194,'To7Ny',23524010,'💰元寶小級別💰',400,400,0,0,0,0,88,0,'2017-08-12 09:14:35',1502500475,1505034064,'0',2,1,0,0,0,0,0);
INSERT INTO `import_data` VALUES (23,'普通保险局','2/4🍎1183A','海洋馆导游','2/4','8','3.0',166,617523719,'谁与争锋丶',23524010,'💰元寶小級別💰',400,290,0,0,0,0,88,-110,'2017-08-12 09:14:35',1502500475,1505034064,'-110',2,1,1,-110,0,0,0);
INSERT INTO `import_data` VALUES (24,'普通保险局','2/4🍎1183A','海洋馆导游','2/4','8','3.0',166,434905276,'钱多多$',21955639,'新西兰27poker',400,0,0,0,0,0,88,-400,'2017-08-12 09:14:35',1502500475,1505034064,'-400',2,1,0,0,0,0,1);
INSERT INTO `import_data` VALUES (25,'普通保险局','2/4🍎1183A','海洋馆导游','2/4','8','3.0',166,481124234,'DAB621',21340895,'渔船',400,1000,47,0,-47,47,88,600,'2017-08-12 09:14:35',1502500475,1505034064,'600',2,1,1,300,300,0,1);
INSERT INTO `import_data` VALUES (26,'普通保险局','2/4🍎1183A','海洋馆导游','2/4','8','3.0',166,951364414,'凡a凡',21340895,'渔船',400,425,0,0,0,47,88,25,'2017-08-12 09:14:35',1502500475,1505034064,'25',2,1,0,0,0,0,1);
INSERT INTO `import_data` VALUES (27,'普通保险局','2/4🍎1183A','海洋馆导游','2/4','8','3.0',166,1178956061,'徐小白',21340895,'渔船',600,600,0,0,0,47,88,0,'2017-08-12 09:14:35',1502500475,1505034064,'0',2,1,0,0,0,0,1);
INSERT INTO `import_data` VALUES (28,'普通保险局','2/4🍎1183A','海洋馆导游','2/4','8','3.0',166,660072563,'最后一次机会',21340895,'渔船',400,113,0,0,0,47,88,-287,'2017-08-12 09:14:35',1502500475,1505034064,'-287',2,1,0,0,0,0,1);
INSERT INTO `import_data` VALUES (29,'普通保险局','2/4🍎1183A','海洋馆导游','2/4','8','3.0',166,215455274,'巍仔',21340895,'渔船',1200,143,0,0,0,47,88,-1057,'2017-08-12 09:14:35',1502500475,1505034064,'-1057',2,1,0,0,0,0,1);
INSERT INTO `import_data` VALUES (30,'普通保险局','2/4🍎1183A','海洋馆导游','2/4','8','3.0',166,499460465,'统统跟我走',21065196,'海洋馆',600,1369,26,0,-26,26,88,769,'2017-08-12 09:14:35',1502500475,1505034064,'769',2,1,1,769,0,0,1);
INSERT INTO `import_data` VALUES (31,'普通保险局','2/4🍎1183A','海洋馆导游','2/4','8','3.0',166,906451795,'fish5555',21065196,'海洋馆',400,400,0,0,0,26,88,0,'2017-08-12 09:14:35',1502500475,1505034064,'0',2,1,0,0,0,0,1);
INSERT INTO `import_data` VALUES (32,'普通保险局','2/4🍎1183A','海洋馆导游','2/4','8','3.0',166,1082812126,'收大米',21065196,'海洋馆',400,0,0,0,0,26,88,-400,'2017-08-12 09:14:35',1502500475,1505034064,'-400',2,1,0,0,0,0,1);
INSERT INTO `import_data` VALUES (33,'普通保险局','2/4🍎1183A','海洋馆导游','2/4','8','3.0',166,111249150,'牛老总',20607927,'珍宝岛俱乐部',400,500,0,0,0,0,88,100,'2017-08-12 09:14:35',1502500475,1505034064,'100',2,1,0,0,0,0,0);
INSERT INTO `import_data` VALUES (34,'普通保险局','2/4🍎1183A','海洋馆导游','2/4','8','3.0',166,1110184598,'土豆少年',2767536,'888国际',1200,1924,0,0,0,15,88,724,'2017-08-12 09:14:35',1502500475,1505034064,'724',2,1,1,506,218,0,1);
INSERT INTO `import_data` VALUES (35,'普通保险局','2/4🍎1183A','海洋馆导游','2/4','8','3.0',166,94816688,'冰泉水',2767536,'888国际',400,507,15,0,-15,15,88,107,'2017-08-12 09:14:35',1502500475,1505034064,'107',2,1,1,101,6,0,1);
INSERT INTO `import_data` VALUES (36,'普通保险局','2/4🍎1183A','海洋馆导游','2/4','8','3.0',166,1292490098,'伟大的厨师',2767536,'888国际',1000,673,0,0,0,15,88,-327,'2017-08-12 09:14:35',1502500475,1505034064,'-327',2,1,1,-327,0,0,1);
INSERT INTO `import_data` VALUES (37,'普通保险局','2/4🍎1183A','海洋馆导游','2/4','8','3.0',166,1239328724,'releeyk0',568568,'小肥羊俱乐部',400,653,0,0,0,0,88,253,'2017-08-12 09:14:35',1502500475,1505034064,'253',2,1,0,0,0,0,1);
INSERT INTO `import_data` VALUES (38,'普通保险局','2/4🍎1183A','海洋馆导游','2/4','8','3.0',166,1317503305,'Bill Hsu',568568,'小肥羊俱乐部',400,400,0,0,0,0,88,0,'2017-08-12 09:14:35',1502500475,1505034064,'0',2,1,0,0,0,0,1);
INSERT INTO `import_data` VALUES (39,'普通保险局','2/4🍎1183A','海洋馆导游','2/4','8','3.0',166,1276274697,'魚類123',568568,'小肥羊俱乐部',400,298,0,0,0,0,88,-102,'2017-08-12 09:14:35',1502500475,1505034064,'-102',2,1,0,0,0,0,1);
INSERT INTO `import_data` VALUES (40,'普通保险局','2/4🍎1183A','海洋馆导游','2/4','8','3.0',166,1032824372,'狼狼的刷',288888,'金字塔俱乐部',400,337,0,0,0,0,88,-63,'2017-08-12 09:14:35',1502500475,1505034064,'-63',2,1,0,0,0,0,1);
INSERT INTO `import_data` VALUES (41,'普通保险局','2/4🍎1183A','海洋馆导游','2/4','8','3.0',166,1617701919,'曉票r',227733,'水上公园轻级别',600,1567,0,0,0,0,88,967,'2017-08-12 09:14:35',1502500475,1505034064,'967',2,1,0,0,0,0,1);
INSERT INTO `import_data` VALUES (42,'普通保险局','2/4🍎1183A','海洋馆导游','2/4','8','3.0',166,1337048195,'T0319450',227733,'水上公园轻级别',400,0,0,0,0,0,88,-400,'2017-08-12 09:14:35',1502500475,1505034064,'-400',2,1,0,0,0,0,1);
INSERT INTO `import_data` VALUES (43,'普通保险局','2/4🍎1183A','海洋馆导游','2/4','8','3.0',166,1567908496,'markmak',227733,'水上公园轻级别',800,313,0,0,0,0,88,-487,'2017-08-12 09:14:35',1502500475,1505034064,'-487',2,1,0,0,0,0,1);
INSERT INTO `import_data` VALUES (44,'普通保险局','2/4🍎1201A','海洋馆导游','2/4','8','3.0',196,441053099,'PersonZ',21340895,'渔船',1000,1832,327,0,-327,327,489,832,'2017-08-12 10:37:29',1502505449,1505034077,'832',3,1,0,0,0,0,1);
INSERT INTO `import_data` VALUES (45,'普通保险局','2/4🍎1201A','海洋馆导游','2/4','8','3.0',196,513587202,'Chrischan5784',21340895,'渔船',800,649,0,0,0,327,489,-151,'2017-08-12 10:37:29',1502505449,1505034077,'-151',3,1,0,0,0,0,1);
INSERT INTO `import_data` VALUES (46,'普通保险局','2/4🍎1201A','海洋馆导游','2/4','8','3.0',196,15447489,'谭咏麟',21340895,'渔船',400,0,0,0,0,327,489,-400,'2017-08-12 10:37:29',1502505449,1505034077,'-400',3,1,0,0,0,0,1);
INSERT INTO `import_data` VALUES (47,'普通保险局','2/4🍎1201A','海洋馆导游','2/4','8','3.0',196,1515633112,'鸟人带翅膀',2767536,'888国际',400,629,32,0,-32,32,489,229,'2017-08-12 10:37:29',1502505449,1505034077,'229',3,1,1,183,46,0,1);
INSERT INTO `import_data` VALUES (48,'普通保险局','2/4🍎1201A','海洋馆导游','2/4','8','3.0',196,1110230534,'捕鱼小船',2767536,'888国际',800,834,0,0,0,32,489,34,'2017-08-12 10:37:29',1502505449,1505034077,'34',3,1,1,27,7,0,1);
INSERT INTO `import_data` VALUES (49,'普通保险局','2/4🍎1201A','海洋馆导游','2/4','8','3.0',196,1490968705,'盲头操作',2767536,'888国际',1600,763,0,0,0,32,489,-837,'2017-08-12 10:37:29',1502505449,1505034077,'-837',3,1,1,-669,-168,0,1);
INSERT INTO `import_data` VALUES (50,'普通保险局','2/4🍎1201A','海洋馆导游','2/4','8','3.0',196,1380480643,'德普新手',568568,'小肥羊俱乐部',400,402,0,0,0,0,489,2,'2017-08-12 10:37:29',1502505449,1505034077,'2',3,1,0,0,0,0,1);
INSERT INTO `import_data` VALUES (51,'普通保险局','2/4🍎1201A','海洋馆导游','2/4','8','3.0',196,1452511206,'万年树',568568,'小肥羊俱乐部',1600,1454,0,0,0,0,489,-146,'2017-08-12 10:37:29',1502505449,1505034077,'-146',3,1,0,0,0,0,1);
INSERT INTO `import_data` VALUES (52,'普通保险局','2/4🍎1201A','海洋馆导游','2/4','8','3.0',196,54381787,'深海小醜🐟',555558,'打死为止小班💎',400,690,0,0,0,0,489,290,'2017-08-12 10:37:29',1502505449,1505034077,'290',3,1,0,0,0,0,1);
INSERT INTO `import_data` VALUES (53,'普通保险局','2/4🍎1201A','海洋馆导游','2/4','8','3.0',196,752687236,'佳佳！',288888,'金字塔俱乐部',1000,1560,130,0,-130,130,489,560,'2017-08-12 10:37:29',1502505449,1505034077,'560',3,1,0,0,0,0,1);
INSERT INTO `import_data` VALUES (54,'普通保险局','2/4🍎1201A','海洋馆导游','2/4','8','3.0',196,1157888537,'老虎一号',227733,'水上公园轻级别',400,820,0,0,0,0,489,420,'2017-08-12 10:37:29',1502505449,1505034077,'420',3,1,0,0,0,0,1);
INSERT INTO `import_data` VALUES (55,'普通保险局','2/4🍎1201A','海洋馆导游','2/4','8','3.0',196,1102740911,'Thousand aster',227733,'水上公园轻级别',400,606,0,0,0,0,489,206,'2017-08-12 10:37:29',1502505449,1505034077,'206',3,1,0,0,0,0,1);
INSERT INTO `import_data` VALUES (56,'普通保险局','2/4🍎1201A','海洋馆导游','2/4','8','3.0',196,1386834399,'王志文',227733,'水上公园轻级别',800,676,0,0,0,0,489,-124,'2017-08-12 10:37:29',1502505449,1505034077,'-124',3,1,0,0,0,0,1);
INSERT INTO `import_data` VALUES (57,'普通保险局','2/4🍎1201A','海洋馆导游','2/4','8','3.0',196,922368156,'大良风之子',227733,'水上公园轻级别',800,315,0,0,0,0,489,-485,'2017-08-12 10:37:29',1502505449,1505034077,'-485',3,1,0,0,0,0,1);
INSERT INTO `import_data` VALUES (58,'普通保险局','2/4🍎1201A','海洋馆导游','2/4','8','3.0',196,1478927499,'小魔鬼KK',227733,'水上公园轻级别',2200,1281,0,0,0,0,489,-919,'2017-08-12 10:37:29',1502505449,1505034077,'-919',3,1,0,0,0,0,1);
/*!40000 ALTER TABLE `import_data` ENABLE KEYS */;
UNLOCK TABLES;

--
-- Table structure for table `keren_benjin`
--

DROP TABLE IF EXISTS `keren_benjin`;
/*!40101 SET @saved_cs_client     = @@character_set_client */;
/*!40101 SET character_set_client = utf8 */;
CREATE TABLE `keren_benjin` (
  `id` int(11) NOT NULL AUTO_INCREMENT COMMENT 'ID自增',
  `user_id` int(11) NOT NULL COMMENT '用户ID',
  `keren_bianhao` int(11) NOT NULL COMMENT '客人编号',
  `benjin` int(11) NOT NULL COMMENT '本金',
  `ying_chou` decimal(10,2) NOT NULL COMMENT '赢抽点数',
  `shu_fan` decimal(10,2) NOT NULL COMMENT '输返点数',
  `agent_id` int(11) NOT NULL COMMENT '代理人ID',
  `remark` varchar(500) NOT NULL COMMENT '备注',
  `is_delete` tinyint(4) NOT NULL COMMENT '是否删除:1是0否',
  `create_time` int(11) NOT NULL COMMENT '时间',
  PRIMARY KEY (`id`)
) ENGINE=InnoDB AUTO_INCREMENT=52 DEFAULT CHARSET=utf8mb4;
/*!40101 SET character_set_client = @saved_cs_client */;

--
-- Dumping data for table `keren_benjin`
--

LOCK TABLES `keren_benjin` WRITE;
/*!40000 ALTER TABLE `keren_benjin` DISABLE KEYS */;
INSERT INTO `keren_benjin` VALUES (1,1,1,30,0.00,0.00,0,'',0,1505034049);
INSERT INTO `keren_benjin` VALUES (2,1,2,300,50.00,0.00,0,'',0,1505034049);
INSERT INTO `keren_benjin` VALUES (3,1,3,0,0.00,0.00,0,'',0,1505034049);
INSERT INTO `keren_benjin` VALUES (4,1,4,0,0.00,0.00,0,'',0,1505034049);
INSERT INTO `keren_benjin` VALUES (5,1,5,0,0.00,0.00,0,'',0,1505034049);
INSERT INTO `keren_benjin` VALUES (6,1,6,447,0.00,0.00,0,'',0,1505034049);
INSERT INTO `keren_benjin` VALUES (7,1,7,443,5.00,5.00,0,'',0,1505034049);
INSERT INTO `keren_benjin` VALUES (8,1,8,-93,0.00,0.00,0,'',0,1505034049);
INSERT INTO `keren_benjin` VALUES (9,1,9,0,0.00,0.00,0,'',0,1505034049);
INSERT INTO `keren_benjin` VALUES (10,1,10,0,0.00,0.00,0,'',0,1505034049);
INSERT INTO `keren_benjin` VALUES (11,1,11,0,0.00,0.00,0,'',0,1505034049);
INSERT INTO `keren_benjin` VALUES (12,1,12,0,0.00,0.00,0,'',0,1505034049);
INSERT INTO `keren_benjin` VALUES (13,1,13,0,0.00,0.00,0,'',0,1505034049);
INSERT INTO `keren_benjin` VALUES (14,1,14,0,0.00,0.00,0,'',0,1505034049);
INSERT INTO `keren_benjin` VALUES (15,1,15,0,0.00,0.00,0,'',0,1505034049);
INSERT INTO `keren_benjin` VALUES (16,1,16,0,0.00,0.00,0,'',0,1505034049);
INSERT INTO `keren_benjin` VALUES (17,1,17,0,0.00,0.00,0,'',0,1505034049);
INSERT INTO `keren_benjin` VALUES (18,1,18,0,0.00,0.00,0,'',0,1505034049);
INSERT INTO `keren_benjin` VALUES (19,1,19,0,0.00,0.00,0,'',0,1505034049);
INSERT INTO `keren_benjin` VALUES (20,1,20,0,0.00,0.00,0,'',0,1505034049);
INSERT INTO `keren_benjin` VALUES (21,1,21,0,0.00,0.00,0,'',0,1505034049);
INSERT INTO `keren_benjin` VALUES (22,1,22,0,0.00,0.00,0,'',0,1505034064);
INSERT INTO `keren_benjin` VALUES (23,1,23,-550,5.00,5.00,0,'',0,1505034064);
INSERT INTO `keren_benjin` VALUES (24,1,24,0,0.00,0.00,0,'',0,1505034064);
INSERT INTO `keren_benjin` VALUES (25,1,25,0,0.00,0.00,0,'',0,1505034064);
INSERT INTO `keren_benjin` VALUES (26,1,26,0,0.00,0.00,0,'',0,1505034064);
INSERT INTO `keren_benjin` VALUES (27,1,27,0,0.00,0.00,0,'',0,1505034064);
INSERT INTO `keren_benjin` VALUES (28,1,28,0,0.00,0.00,0,'',0,1505034064);
INSERT INTO `keren_benjin` VALUES (29,1,29,769,0.00,0.00,0,'',0,1505034064);
INSERT INTO `keren_benjin` VALUES (30,1,30,0,0.00,0.00,0,'',0,1505034064);
INSERT INTO `keren_benjin` VALUES (31,1,31,0,0.00,0.00,0,'',0,1505034064);
INSERT INTO `keren_benjin` VALUES (32,1,32,0,0.00,0.00,0,'',0,1505034064);
INSERT INTO `keren_benjin` VALUES (33,1,33,1230,30.00,0.00,0,'',0,1505034064);
INSERT INTO `keren_benjin` VALUES (34,1,34,-327,0.00,0.00,0,'',0,1505034064);
INSERT INTO `keren_benjin` VALUES (35,1,35,0,0.00,0.00,0,'',0,1505034064);
INSERT INTO `keren_benjin` VALUES (36,1,36,0,0.00,0.00,0,'',0,1505034064);
INSERT INTO `keren_benjin` VALUES (37,1,37,0,0.00,0.00,0,'',0,1505034064);
INSERT INTO `keren_benjin` VALUES (38,1,38,0,0.00,0.00,0,'',0,1505034064);
INSERT INTO `keren_benjin` VALUES (39,1,39,0,0.00,0.00,0,'',0,1505034064);
INSERT INTO `keren_benjin` VALUES (40,1,40,0,0.00,0.00,0,'',0,1505034077);
INSERT INTO `keren_benjin` VALUES (41,1,41,0,0.00,0.00,0,'',0,1505034077);
INSERT INTO `keren_benjin` VALUES (42,1,42,183,20.00,20.00,0,'',0,1505034077);
INSERT INTO `keren_benjin` VALUES (43,1,43,27,20.00,20.00,0,'',0,1505034077);
INSERT INTO `keren_benjin` VALUES (44,1,44,-669,20.00,20.00,0,'',0,1505034077);
INSERT INTO `keren_benjin` VALUES (45,1,45,0,0.00,0.00,0,'',0,1505034077);
INSERT INTO `keren_benjin` VALUES (46,1,46,0,0.00,0.00,0,'',0,1505034077);
INSERT INTO `keren_benjin` VALUES (47,1,47,0,0.00,0.00,0,'',0,1505034077);
INSERT INTO `keren_benjin` VALUES (48,1,48,0,0.00,0.00,0,'',0,1505034077);
INSERT INTO `keren_benjin` VALUES (49,1,49,0,0.00,0.00,0,'',0,1505034077);
INSERT INTO `keren_benjin` VALUES (50,1,50,0,0.00,0.00,0,'',0,1505034077);
INSERT INTO `keren_benjin` VALUES (51,1,51,0,0.00,0.00,0,'',0,1505034077);
/*!40000 ALTER TABLE `keren_benjin` ENABLE KEYS */;
UNLOCK TABLES;

--
-- Table structure for table `lianmeng`
--

DROP TABLE IF EXISTS `lianmeng`;
/*!40101 SET @saved_cs_client     = @@character_set_client */;
/*!40101 SET character_set_client = utf8 */;
CREATE TABLE `lianmeng` (
  `id` int(11) NOT NULL AUTO_INCREMENT COMMENT 'ID自增',
  `user_id` int(11) NOT NULL COMMENT '用户ID',
  `name` varchar(50) NOT NULL COMMENT '联盟名称',
  `qianzhang` int(11) NOT NULL COMMENT '联盟欠账',
  `duizhangfangfa` int(11) NOT NULL COMMENT '对账方法（1：0.975 2：无水账单）',
  `paiju_fee` int(11) NOT NULL COMMENT '上缴桌费',
  `baoxian_choucheng` int(11) NOT NULL COMMENT '保险抽成',
  `is_delete` tinyint(4) NOT NULL COMMENT '是否删除:1是0否',
  `create_time` int(11) NOT NULL COMMENT '时间',
  PRIMARY KEY (`id`)
) ENGINE=InnoDB AUTO_INCREMENT=5 DEFAULT CHARSET=utf8mb4;
/*!40101 SET character_set_client = @saved_cs_client */;

--
-- Dumping data for table `lianmeng`
--

LOCK TABLES `lianmeng` WRITE;
/*!40000 ALTER TABLE `lianmeng` DISABLE KEYS */;
INSERT INTO `lianmeng` VALUES (1,1,'默认联盟',1107,1,4,4,0,1504964957);
INSERT INTO `lianmeng` VALUES (2,1,'BOO大',0,1,2,5,0,1504966087);
INSERT INTO `lianmeng` VALUES (3,1,'77联盟',0,1,0,0,0,1504966515);
INSERT INTO `lianmeng` VALUES (4,1,'五特区',0,1,0,0,0,1504966761);
/*!40000 ALTER TABLE `lianmeng` ENABLE KEYS */;
UNLOCK TABLES;

--
-- Table structure for table `lianmeng_club`
--

DROP TABLE IF EXISTS `lianmeng_club`;
/*!40101 SET @saved_cs_client     = @@character_set_client */;
/*!40101 SET character_set_client = utf8 */;
CREATE TABLE `lianmeng_club` (
  `id` int(11) NOT NULL AUTO_INCREMENT COMMENT 'ID自增',
  `user_id` int(11) NOT NULL COMMENT '用户ID',
  `lianmeng_id` int(11) NOT NULL COMMENT '联盟ID',
  `club_id` int(11) NOT NULL COMMENT '俱乐部ID',
  `club_name` varchar(50) NOT NULL COMMENT '俱乐部名称',
  `qianzhang` int(11) NOT NULL COMMENT '俱乐部欠账（旧账）',
  `duizhangfangfa` int(11) NOT NULL COMMENT '对账方法（1：0.975 2：无水账单）',
  `paiju_fee` int(11) NOT NULL COMMENT '上缴桌费',
  `baoxian_choucheng` int(11) NOT NULL COMMENT '保险抽成',
  `is_delete` tinyint(4) NOT NULL COMMENT '是否删除:1是0否',
  `create_time` int(11) NOT NULL COMMENT '时间',
  PRIMARY KEY (`id`)
) ENGINE=InnoDB AUTO_INCREMENT=19 DEFAULT CHARSET=utf8mb4;
/*!40101 SET character_set_client = @saved_cs_client */;

--
-- Dumping data for table `lianmeng_club`
--

LOCK TABLES `lianmeng_club` WRITE;
/*!40000 ALTER TABLE `lianmeng_club` DISABLE KEYS */;
INSERT INTO `lianmeng_club` VALUES (1,1,1,2767536,'888国际',-405,1,0,0,0,1505278078);
INSERT INTO `lianmeng_club` VALUES (2,1,1,1798364,'🌟村长家🌟',403,1,0,0,0,1505278305);
INSERT INTO `lianmeng_club` VALUES (3,1,1,568568,'小肥羊俱乐部',-438,1,0,0,0,1505278377);
INSERT INTO `lianmeng_club` VALUES (4,1,1,555558,'打死为止小班💎',760,1,0,0,0,1505278395);
INSERT INTO `lianmeng_club` VALUES (5,1,1,288888,'金字塔俱乐部',422,1,0,0,0,1505278414);
INSERT INTO `lianmeng_club` VALUES (6,1,1,227733,'水上公园轻级别',542,1,0,0,0,1505278430);
INSERT INTO `lianmeng_club` VALUES (7,1,1,21065196,'海洋馆',-14,1,0,0,0,1505278461);
INSERT INTO `lianmeng_club` VALUES (8,1,1,21340895,'渔船',-106,1,0,0,0,1505278474);
INSERT INTO `lianmeng_club` VALUES (9,1,1,21955639,'新西兰27poker',529,1,0,0,0,1505278491);
INSERT INTO `lianmeng_club` VALUES (10,1,2,2767536,'888国际',0,1,0,0,0,1505278078);
INSERT INTO `lianmeng_club` VALUES (11,1,2,1798364,'🌟村长家🌟',0,1,0,0,0,1505278305);
INSERT INTO `lianmeng_club` VALUES (12,1,2,568568,'小肥羊俱乐部',0,1,0,0,0,1505278377);
INSERT INTO `lianmeng_club` VALUES (13,1,2,555558,'打死为止小班💎',0,1,0,0,0,1505278395);
INSERT INTO `lianmeng_club` VALUES (14,1,2,288888,'金字塔俱乐部',0,1,0,0,0,1505278414);
INSERT INTO `lianmeng_club` VALUES (15,1,2,227733,'水上公园轻级别',0,1,0,0,0,1505278430);
INSERT INTO `lianmeng_club` VALUES (16,1,2,21065196,'海洋馆',0,1,0,0,0,1505278461);
INSERT INTO `lianmeng_club` VALUES (17,1,2,21340895,'渔船',0,1,0,0,0,1505278474);
INSERT INTO `lianmeng_club` VALUES (18,1,2,21955639,'新西兰27poker',0,1,0,0,0,1505278491);
/*!40000 ALTER TABLE `lianmeng_club` ENABLE KEYS */;
UNLOCK TABLES;

--
-- Table structure for table `money_out_put_type`
--

DROP TABLE IF EXISTS `money_out_put_type`;
/*!40101 SET @saved_cs_client     = @@character_set_client */;
/*!40101 SET character_set_client = utf8 */;
CREATE TABLE `money_out_put_type` (
  `id` int(11) NOT NULL AUTO_INCREMENT COMMENT 'ID自增',
  `user_id` int(11) NOT NULL COMMENT '用户ID',
  `out_put_type` varchar(50) NOT NULL COMMENT '支出方式',
  `money` int(11) NOT NULL COMMENT '金额',
  `is_delete` tinyint(4) NOT NULL COMMENT '是否删除:1是0否',
  `create_time` int(11) NOT NULL COMMENT '时间',
  PRIMARY KEY (`id`)
) ENGINE=InnoDB AUTO_INCREMENT=3 DEFAULT CHARSET=utf8mb4;
/*!40101 SET character_set_client = @saved_cs_client */;

--
-- Dumping data for table `money_out_put_type`
--

LOCK TABLES `money_out_put_type` WRITE;
/*!40000 ALTER TABLE `money_out_put_type` DISABLE KEYS */;
INSERT INTO `money_out_put_type` VALUES (1,1,'伙食',0,0,1504689955);
INSERT INTO `money_out_put_type` VALUES (2,1,'电费',0,0,1504689973);
/*!40000 ALTER TABLE `money_out_put_type` ENABLE KEYS */;
UNLOCK TABLES;

--
-- Table structure for table `money_type`
--

DROP TABLE IF EXISTS `money_type`;
/*!40101 SET @saved_cs_client     = @@character_set_client */;
/*!40101 SET character_set_client = utf8 */;
CREATE TABLE `money_type` (
  `id` int(11) NOT NULL AUTO_INCREMENT COMMENT 'ID自增',
  `user_id` int(11) NOT NULL COMMENT '用户ID',
  `pay_type` varchar(50) NOT NULL COMMENT '支付方式',
  `money` int(11) NOT NULL COMMENT '金额',
  `is_delete` tinyint(4) NOT NULL COMMENT '是否删除:1是0否',
  `create_time` int(11) NOT NULL COMMENT '时间',
  PRIMARY KEY (`id`)
) ENGINE=InnoDB AUTO_INCREMENT=4 DEFAULT CHARSET=utf8mb4;
/*!40101 SET character_set_client = @saved_cs_client */;

--
-- Dumping data for table `money_type`
--

LOCK TABLES `money_type` WRITE;
/*!40000 ALTER TABLE `money_type` DISABLE KEYS */;
INSERT INTO `money_type` VALUES (1,1,'支付宝',683,0,1504680294);
INSERT INTO `money_type` VALUES (2,1,'微信',0,0,1504682724);
INSERT INTO `money_type` VALUES (3,1,'银行卡',0,0,1504688074);
/*!40000 ALTER TABLE `money_type` ENABLE KEYS */;
UNLOCK TABLES;

--
-- Table structure for table `paiju`
--

DROP TABLE IF EXISTS `paiju`;
/*!40101 SET @saved_cs_client     = @@character_set_client */;
/*!40101 SET character_set_client = utf8 */;
CREATE TABLE `paiju` (
  `id` int(11) NOT NULL AUTO_INCREMENT COMMENT 'ID自增',
  `user_id` int(11) NOT NULL COMMENT '用户ID',
  `paiju_name` varchar(50) NOT NULL COMMENT '牌局名',
  `end_time` int(11) NOT NULL COMMENT '结束时间戳',
  `status` tinyint(4) NOT NULL COMMENT '牌局状态:0未结算1已结算2已交班',
  `lianmeng_id` int(11) NOT NULL COMMENT '联盟ID',
  `is_clean` tinyint(4) NOT NULL COMMENT '联盟是否已清账：1是0否',
  `create_time` int(11) NOT NULL COMMENT '时间',
  PRIMARY KEY (`id`)
) ENGINE=InnoDB AUTO_INCREMENT=4 DEFAULT CHARSET=utf8mb4;
/*!40101 SET character_set_client = @saved_cs_client */;

--
-- Dumping data for table `paiju`
--

LOCK TABLES `paiju` WRITE;
/*!40000 ALTER TABLE `paiju` DISABLE KEYS */;
INSERT INTO `paiju` VALUES (1,1,'2/4🍎1181A',1502494258,2,1,1,1505034049);
INSERT INTO `paiju` VALUES (2,1,'2/4🍎1183A',1502500475,2,1,1,1505034064);
INSERT INTO `paiju` VALUES (3,1,'2/4🍎1201A',1502505449,2,1,1,1505034077);
/*!40000 ALTER TABLE `paiju` ENABLE KEYS */;
UNLOCK TABLES;

--
-- Table structure for table `player`
--

DROP TABLE IF EXISTS `player`;
/*!40101 SET @saved_cs_client     = @@character_set_client */;
/*!40101 SET character_set_client = utf8 */;
CREATE TABLE `player` (
  `id` int(11) NOT NULL AUTO_INCREMENT COMMENT 'ID自增',
  `user_id` int(11) NOT NULL COMMENT '用户ID',
  `keren_bianhao` int(11) NOT NULL COMMENT '客人编号',
  `player_id` int(11) NOT NULL COMMENT '玩家游戏ID',
  `player_name` varchar(50) NOT NULL COMMENT '玩家游戏名字',
  `is_delete` tinyint(4) NOT NULL COMMENT '是否删除:1是0否',
  `create_time` int(11) NOT NULL COMMENT '时间',
  PRIMARY KEY (`id`)
) ENGINE=InnoDB AUTO_INCREMENT=52 DEFAULT CHARSET=utf8mb4;
/*!40101 SET character_set_client = @saved_cs_client */;

--
-- Dumping data for table `player`
--

LOCK TABLES `player` WRITE;
/*!40000 ALTER TABLE `player` DISABLE KEYS */;
INSERT INTO `player` VALUES (1,1,1,735304085,'妖股',0,1505034049);
INSERT INTO `player` VALUES (2,1,2,481124234,'DAB621',0,1505034049);
INSERT INTO `player` VALUES (3,1,3,441053099,'PersonZ',0,1505034049);
INSERT INTO `player` VALUES (4,1,4,796020048,'神相李布衣',0,1505034049);
INSERT INTO `player` VALUES (5,1,5,1272637032,'阿玮（TW）',0,1505034049);
INSERT INTO `player` VALUES (6,1,6,1292548547,'厚先生',0,1505034049);
INSERT INTO `player` VALUES (7,1,7,94816688,'冰泉水',0,1505034049);
INSERT INTO `player` VALUES (8,1,8,1490946566,'买牌买到底',0,1505034049);
INSERT INTO `player` VALUES (9,1,9,1232996650,'高尔基',0,1505034049);
INSERT INTO `player` VALUES (10,1,10,1355487424,'哈气',0,1505034049);
INSERT INTO `player` VALUES (11,1,11,1239328724,'releeyk0',0,1505034049);
INSERT INTO `player` VALUES (12,1,12,1191529058,'價值下注',0,1505034049);
INSERT INTO `player` VALUES (13,1,13,1130923485,'AAFish',0,1505034049);
INSERT INTO `player` VALUES (14,1,14,1355192654,'MU Jheng',0,1505034049);
INSERT INTO `player` VALUES (15,1,15,1608005878,'踩过介',0,1505034049);
INSERT INTO `player` VALUES (16,1,16,1626414532,'人數字',0,1505034049);
INSERT INTO `player` VALUES (17,1,17,1413166582,'稀粥炒饭',0,1505034049);
INSERT INTO `player` VALUES (18,1,18,54381787,'深海小醜🐟',0,1505034049);
INSERT INTO `player` VALUES (19,1,19,1015655431,'美少女月野兔',0,1505034049);
INSERT INTO `player` VALUES (20,1,20,1032824372,'狼狼的刷',0,1505034049);
INSERT INTO `player` VALUES (21,1,21,1157888537,'老虎一号',0,1505034049);
INSERT INTO `player` VALUES (22,1,22,1605248194,'To7Ny',0,1505034064);
INSERT INTO `player` VALUES (23,1,23,617523719,'谁与争锋丶',0,1505034064);
INSERT INTO `player` VALUES (24,1,24,434905276,'钱多多$',0,1505034064);
INSERT INTO `player` VALUES (25,1,25,951364414,'凡a凡',0,1505034064);
INSERT INTO `player` VALUES (26,1,26,1178956061,'徐小白',0,1505034064);
INSERT INTO `player` VALUES (27,1,27,660072563,'最后一次机会',0,1505034064);
INSERT INTO `player` VALUES (28,1,28,215455274,'巍仔',0,1505034064);
INSERT INTO `player` VALUES (29,1,29,499460465,'统统跟我走',0,1505034064);
INSERT INTO `player` VALUES (30,1,30,906451795,'fish5555',0,1505034064);
INSERT INTO `player` VALUES (31,1,31,1082812126,'收大米',0,1505034064);
INSERT INTO `player` VALUES (32,1,32,111249150,'牛老总',0,1505034064);
INSERT INTO `player` VALUES (33,1,33,1110184598,'土豆少年',0,1505034064);
INSERT INTO `player` VALUES (34,1,34,1292490098,'伟大的厨师',0,1505034064);
INSERT INTO `player` VALUES (35,1,35,1317503305,'Bill Hsu',0,1505034064);
INSERT INTO `player` VALUES (36,1,36,1276274697,'魚類123',0,1505034064);
INSERT INTO `player` VALUES (37,1,37,1617701919,'曉票r',0,1505034064);
INSERT INTO `player` VALUES (38,1,38,1337048195,'T0319450',0,1505034064);
INSERT INTO `player` VALUES (39,1,39,1567908496,'markmak',0,1505034064);
INSERT INTO `player` VALUES (40,1,40,513587202,'Chrischan5784',0,1505034077);
INSERT INTO `player` VALUES (41,1,41,15447489,'谭咏麟',0,1505034077);
INSERT INTO `player` VALUES (42,1,42,1515633112,'鸟人带翅膀',0,1505034077);
INSERT INTO `player` VALUES (43,1,43,1110230534,'捕鱼小船',0,1505034077);
INSERT INTO `player` VALUES (44,1,44,1490968705,'盲头操作',0,1505034077);
INSERT INTO `player` VALUES (45,1,45,1380480643,'德普新手',0,1505034077);
INSERT INTO `player` VALUES (46,1,46,1452511206,'万年树',0,1505034077);
INSERT INTO `player` VALUES (47,1,47,752687236,'佳佳！',0,1505034077);
INSERT INTO `player` VALUES (48,1,48,1102740911,'Thousand aster',0,1505034077);
INSERT INTO `player` VALUES (49,1,49,1386834399,'王志文',0,1505034077);
INSERT INTO `player` VALUES (50,1,50,922368156,'大良风之子',0,1505034077);
INSERT INTO `player` VALUES (51,1,51,1478927499,'小魔鬼KK',0,1505034077);
/*!40000 ALTER TABLE `player` ENABLE KEYS */;
UNLOCK TABLES;

--
-- Table structure for table `user`
--

DROP TABLE IF EXISTS `user`;
/*!40101 SET @saved_cs_client     = @@character_set_client */;
/*!40101 SET character_set_client = utf8 */;
CREATE TABLE `user` (
  `id` int(11) NOT NULL AUTO_INCREMENT COMMENT 'ID自增',
  `type` int(11) NOT NULL COMMENT '用户类型：0普通用户1后台用户2微信用户3QQ用户4微博用户5支付宝用户',
  `openid` varchar(100) NOT NULL COMMENT '第三方用户id',
  `name` varchar(50) NOT NULL COMMENT '用户名',
  `login_name` varchar(50) NOT NULL COMMENT '登录账号名',
  `mobile` varchar(11) NOT NULL COMMENT '手机',
  `email` varchar(50) NOT NULL COMMENT '邮箱',
  `password` varchar(100) NOT NULL COMMENT '密码',
  `profile_path` varchar(200) NOT NULL COMMENT '头像',
  `sex` tinyint(1) NOT NULL COMMENT '性别：1男2女',
  `qibu_choushui` int(11) NOT NULL COMMENT '起步抽水',
  `choushui_shuanfa` tinyint(4) NOT NULL COMMENT '抽水算法:1四舍五入2余数抹零',
  `choushui_ajust_value` int(11) NOT NULL COMMENT '总抽水修正值：总抽水=总抽水修正值+公式算出来的总抽水',
  `baoxian_ajust_value` int(11) NOT NULL COMMENT '总保险修正值：总保险=总保险修正值+公式算出来的总保险',
  `agent_fencheng_ajust_value` int(11) NOT NULL COMMENT '代理总分成修正值：代理总分成=代理总分成修正值+公式算出来的代理总分成',
  `is_forbidden` tinyint(4) NOT NULL COMMENT '是否禁用:1是0否',
  `create_time` int(11) NOT NULL COMMENT '注册时间',
  PRIMARY KEY (`id`)
) ENGINE=InnoDB AUTO_INCREMENT=2 DEFAULT CHARSET=utf8mb4;
/*!40101 SET character_set_client = @saved_cs_client */;

--
-- Dumping data for table `user`
--

LOCK TABLES `user` WRITE;
/*!40000 ALTER TABLE `user` DISABLE KEYS */;
INSERT INTO `user` VALUES (1,0,'','admin','admin','','','123456','',1,20,2,0,0,0,0,1499654426);
/*!40000 ALTER TABLE `user` ENABLE KEYS */;
UNLOCK TABLES;
/*!40103 SET TIME_ZONE=@OLD_TIME_ZONE */;

/*!40101 SET SQL_MODE=@OLD_SQL_MODE */;
/*!40014 SET FOREIGN_KEY_CHECKS=@OLD_FOREIGN_KEY_CHECKS */;
/*!40014 SET UNIQUE_CHECKS=@OLD_UNIQUE_CHECKS */;
/*!40101 SET CHARACTER_SET_CLIENT=@OLD_CHARACTER_SET_CLIENT */;
/*!40101 SET CHARACTER_SET_RESULTS=@OLD_CHARACTER_SET_RESULTS */;
/*!40101 SET COLLATION_CONNECTION=@OLD_COLLATION_CONNECTION */;
/*!40111 SET SQL_NOTES=@OLD_SQL_NOTES */;

-- Dump completed on 2017-09-14 17:50:18
